{"stats":{"minecraft:picked_up":{"minecraft:stripped_oak_log":32,"minecraft:crafting_table":1,"minecraft:iron_chestplate":3,"minecraft:feather":2,"minecraft:flower_pot":1,"minecraft:salmon":21,"minecraft:oak_log":78,"minecraft:string":9,"minecraft:dirt":1093,"minecraft:cornflower":4,"minecraft:lapis_lazuli":29,"minecraft:blue_bed":1,"minecraft:raw_copper":116,"minecraft:iron_axe":3,"minecraft:iron_leggings":3,"minecraft:white_carpet":1,"minecraft:iron_shovel":3,"minecraft:bone":1,"minecraft:wheat_seeds":43,"minecraft:cobbled_deepslate":35,"minecraft:spruce_planks":19,"minecraft:beef":3,"minecraft:iron_ingot":32,"minecraft:poppy":3,"minecraft:iron_pickaxe":3,"minecraft:sugar_cane":26,"minecraft:oak_planks":643,"minecraft:iron_boots":3,"minecraft:stick":1,"minecraft:cooked_porkchop":10,"minecraft:pumpkin":3,"minecraft:torch":35,"minecraft:dandelion":2,"minecraft:porkchop":2,"minecraft:spruce_sapling":4,"minecraft:carrot":3,"minecraft:white_bed":2,"minecraft:spruce_log":71,"minecraft:spider_eye":1,"minecraft:cauldron":1,"minecraft:pumpkin_seeds":4,"minecraft:rotten_flesh":14,"minecraft:stone_axe":1,"minecraft:shears":3,"minecraft:iron_helmet":3,"minecraft:granite":4,"minecraft:carved_pumpkin":2,"minecraft:bread":4,"minecraft:white_wool":8,"minecraft:light_gray_carpet":1,"minecraft:netherrack":1,"minecraft:glow_berries":6,"minecraft:coal":16,"minecraft:snowball":184,"minecraft:diamond_pickaxe":1,"minecraft:cobblestone":34,"minecraft:sunflower":62},"minecraft:killed":{"minecraft:pig":3,"minecraft:salmon":7,"minecraft:spider":3,"minecraft:zombie":5,"minecraft:chicken":1,"minecraft:cow":1},"minecraft:crafted":{"minecraft:oak_planks":124,"minecraft:crafting_table":1,"minecraft:furnace":1,"minecraft:stone_axe":2,"minecraft:stick":60,"minecraft:chest":1,"minecraft:snow_block":16,"minecraft:iron_shovel":4,"minecraft:white_bed":1,"minecraft:torch":24},"minecraft:killed_by":{"minecraft:creeper":1,"minecraft:spider":1},"minecraft:custom":{"minecraft:mob_kills":20,"minecraft:interact_with_crafting_table":8,"minecraft:leave_game":3,"minecraft:time_since_death":27289,"minecraft:sleep_in_bed":7,"minecraft:climb_one_cm":2635,"minecraft:time_since_rest":27330,"minecraft:sprint_one_cm":254507,"minecraft:damage_taken":1178,"minecraft:walk_one_cm":422075,"minecraft:drop":13,"minecraft:damage_dealt":2733,"minecraft:swim_one_cm":3202,"minecraft:fly_one_cm":115853,"minecraft:open_chest":20,"minecraft:crouch_one_cm":2562,"minecraft:play_time":114139,"minecraft:sneak_time":972,"minecraft:deaths":2,"minecraft:walk_under_water_one_cm":4892,"minecraft:boat_one_cm":152340,"minecraft:jump":964,"minecraft:walk_on_water_one_cm":16222,"minecraft:horse_one_cm":51254,"minecraft:total_world_time":114139,"minecraft:fall_one_cm":15253},"minecraft:mined":{"minecraft:spruce_planks":4,"minecraft:white_bed":1,"minecraft:dandelion":2,"minecraft:potted_cactus":1,"minecraft:crafting_table":1,"minecraft:cornflower":4,"minecraft:granite":3,"minecraft:grass_block":627,"minecraft:tall_grass":6,"minecraft:copper_ore":32,"minecraft:lapis_ore":4,"minecraft:oak_planks":69,"minecraft:tall_seagrass":1,"minecraft:snow":75,"minecraft:ice":1,"minecraft:spruce_log":23,"minecraft:pumpkin":4,"minecraft:grass":194,"minecraft:coal_ore":17,"minecraft:water_cauldron":1,"minecraft:dirt_path":1,"minecraft:iron_bars":1,"minecraft:sunflower":49,"minecraft:dirt":64,"minecraft:packed_ice":2,"minecraft:stone":25},"minecraft:used":{"minecraft:iron_shovel":829,"minecraft:oak_planks":232,"minecraft:chest":1,"minecraft:spruce_planks":4,"minecraft:iron_chestplate":1,"minecraft:torch":25,"minecraft:dirt":563,"minecraft:crafting_table":2,"minecraft:white_bed":2,"minecraft:snowball":16,"minecraft:spruce_log":24,"minecraft:iron_axe":132,"minecraft:iron_pickaxe":93,"minecraft:iron_helmet":2,"minecraft:iron_boots":3,"minecraft:stone_axe":31,"minecraft:furnace":1,"minecraft:cooked_porkchop":7,"minecraft:stripped_oak_log":1,"minecraft:iron_leggings":2},"minecraft:broken":{"minecraft:iron_shovel":2,"minecraft:iron_axe":1},"minecraft:dropped":{"minecraft:iron_ingot":42,"minecraft:bread":4,"minecraft:stone_axe":1,"minecraft:oak_log":64,"minecraft:cobblestone":9,"minecraft:glow_berries":6,"minecraft:oak_planks":30,"minecraft:poppy":1,"minecraft:diamond_pickaxe":1,"minecraft:spruce_log":1,"minecraft:netherrack":1,"minecraft:spruce_sapling":4}},"DataVersion":2975}