{"stats":{"minecraft:used":{"minecraft:stone_pickaxe":1,"minecraft:iron_sword":42,"minecraft:fletching_table":10,"minecraft:diamond_axe":250,"minecraft:sugar_cane":5,"minecraft:torch":1,"minecraft:crafting_table":4,"minecraft:spruce_log":5,"minecraft:oak_log":10,"minecraft:wooden_axe":117,"minecraft:apple":2,"minecraft:bread":10,"minecraft:iron_boots":1,"minecraft:spruce_sapling":13,"minecraft:oak_sapling":34,"minecraft:acacia_planks":4,"minecraft:bone_meal":70,"minecraft:diamond_leggings":1},"minecraft:picked_up":{"minecraft:wooden_axe":1,"minecraft:spruce_leaves":3,"minecraft:crafting_table":1,"minecraft:leather":15,"minecraft:oak_log":76,"minecraft:dirt":16,"minecraft:bone":6,"minecraft:acacia_planks":8,"minecraft:apple":3,"minecraft:bow":1,"minecraft:diamond_leggings":1,"minecraft:iron_ingot":6,"minecraft:stone_pickaxe":1,"minecraft:iron_pickaxe":1,"minecraft:fletching_table":10,"minecraft:diamond_helmet":1,"minecraft:sugar_cane":21,"minecraft:iron_sword":1,"minecraft:oak_planks":32,"minecraft:iron_boots":1,"minecraft:stick":34,"minecraft:torch":1,"minecraft:acacia_log":21,"minecraft:dandelion":1,"minecraft:porkchop":1,"minecraft:spruce_sapling":29,"minecraft:spruce_log":155,"minecraft:spider_eye":1,"minecraft:arrow":1,"minecraft:rotten_flesh":5,"minecraft:diamond_chestplate":1,"minecraft:diamond_boots":1,"minecraft:diamond_axe":1,"minecraft:bone_meal":29,"minecraft:bread":11,"minecraft:emerald":27,"minecraft:oak_sapling":34,"minecraft:snowball":1,"minecraft:cobblestone":245},"minecraft:killed":{"minecraft:pig":1,"minecraft:spider":1,"minecraft:skeleton":2,"minecraft:zombie":1},"minecraft:custom":{"minecraft:mob_kills":5,"minecraft:traded_with_villager":46,"minecraft:interact_with_crafting_table":13,"minecraft:interact_with_stonecutter":1,"minecraft:time_since_death":99382,"minecraft:sleep_in_bed":7,"minecraft:time_since_rest":27356,"minecraft:sprint_one_cm":33031,"minecraft:damage_taken":532,"minecraft:walk_one_cm":399636,"minecraft:drop":28,"minecraft:damage_dealt":749,"minecraft:talked_to_villager":30,"minecraft:fly_one_cm":9298,"minecraft:open_chest":11,"minecraft:crouch_one_cm":393,"minecraft:play_time":99382,"minecraft:sneak_time":136,"minecraft:walk_under_water_one_cm":625,"minecraft:jump":738,"minecraft:walk_on_water_one_cm":3113,"minecraft:total_world_time":99382,"minecraft:fall_one_cm":14466},"minecraft:broken":{"minecraft:wooden_axe":2},"minecraft:mined":{"minecraft:acacia_leaves":4,"minecraft:oak_sapling":3,"minecraft:glass_pane":3,"minecraft:dandelion":1,"minecraft:crafting_table":1,"minecraft:acacia_log":22,"minecraft:tall_grass":3,"minecraft:spruce_leaves":22,"minecraft:sugar_cane":17,"minecraft:spruce_sapling":2,"minecraft:spruce_log":156,"minecraft:fletching_table":10,"minecraft:grass":11,"minecraft:oak_log":76,"minecraft:acacia_planks":4,"minecraft:oak_leaves":326},"minecraft:dropped":{"minecraft:iron_ingot":6,"minecraft:bread":1,"minecraft:oak_log":47,"minecraft:acacia_log":9,"minecraft:stick":2,"minecraft:emerald":16,"minecraft:spruce_leaves":2,"minecraft:cobblestone_slab":490,"minecraft:wooden_axe":1,"minecraft:dandelion":1},"minecraft:crafted":{"minecraft:oak_planks":76,"minecraft:cobblestone_slab":490,"minecraft:emerald":46,"minecraft:crafting_table":3,"minecraft:spruce_planks":594,"minecraft:bone_meal":14,"minecraft:book":4,"minecraft:paper":15,"minecraft:stick":1468,"minecraft:wooden_axe":3,"minecraft:acacia_planks":48}},"DataVersion":2975}