{"stats":{"minecraft:used":{"minecraft:crafting_table":1,"minecraft:bread":1,"minecraft:iron_sword":2,"minecraft:iron_boots":1},"minecraft:picked_up":{"minecraft:stick":3,"minecraft:acacia_log":9,"minecraft:porkchop":1,"minecraft:oak_log":4,"minecraft:bread":10,"minecraft:oak_sapling":1,"minecraft:iron_sword":1,"minecraft:iron_boots":1},"minecraft:killed":{"minecraft:pig":1},"minecraft:custom":{"minecraft:time_since_rest":9382,"minecraft:crouch_one_cm":64,"minecraft:play_time":9382,"minecraft:sprint_one_cm":1696,"minecraft:damage_taken":164,"minecraft:walk_one_cm":37798,"minecraft:sneak_time":49,"minecraft:mob_kills":1,"minecraft:jump":56,"minecraft:damage_dealt":100,"minecraft:time_since_death":9382,"minecraft:walk_on_water_one_cm":454,"minecraft:total_world_time":9382,"minecraft:interact_with_crafting_table":2,"minecraft:fall_one_cm":269,"minecraft:fly_one_cm":613},"minecraft:mined":{"minecraft:acacia_log":9,"minecraft:oak_log":4,"minecraft:acacia_leaves":3,"minecraft:tall_grass":2,"minecraft:oak_leaves":5},"minecraft:crafted":{"minecraft:oak_planks":16,"minecraft:crafting_table":1}},"DataVersion":2975}