{"stats":{"minecraft:used":{"minecraft:wooden_axe":117,"minecraft:bread":6,"minecraft:iron_sword":3,"minecraft:iron_boots":1,"minecraft:torch":1,"minecraft:crafting_table":3,"minecraft:oak_sapling":11,"minecraft:acacia_planks":4,"minecraft:diamond_leggings":1,"minecraft:bone_meal":32},"minecraft:picked_up":{"minecraft:stick":25,"minecraft:crafting_table":1,"minecraft:dandelion":1,"minecraft:torch":1,"minecraft:acacia_log":9,"minecraft:porkchop":1,"minecraft:oak_log":47,"minecraft:spruce_log":4,"minecraft:diamond_chestplate":1,"minecraft:bone":3,"minecraft:acacia_planks":8,"minecraft:rotten_flesh":3,"minecraft:apple":2,"minecraft:diamond_leggings":1,"minecraft:diamond_boots":1,"minecraft:diamond_axe":1,"minecraft:stone_pickaxe":1,"minecraft:bread":11,"minecraft:diamond_helmet":1,"minecraft:oak_sapling":30,"minecraft:iron_sword":1,"minecraft:iron_boots":1},"minecraft:killed":{"minecraft:skeleton":1,"minecraft:pig":1},"minecraft:custom":{"minecraft:time_since_rest":1691,"minecraft:sprint_one_cm":4446,"minecraft:damage_taken":340,"minecraft:walk_one_cm":178565,"minecraft:mob_kills":2,"minecraft:drop":14,"minecraft:damage_dealt":135,"minecraft:interact_with_crafting_table":4,"minecraft:talked_to_villager":2,"minecraft:fly_one_cm":2586,"minecraft:open_chest":1,"minecraft:crouch_one_cm":148,"minecraft:play_time":39382,"minecraft:sneak_time":102,"minecraft:jump":301,"minecraft:walk_on_water_one_cm":582,"minecraft:time_since_death":39382,"minecraft:sleep_in_bed":2,"minecraft:total_world_time":39382,"minecraft:fall_one_cm":5365},"minecraft:broken":{"minecraft:wooden_axe":2},"minecraft:mined":{"minecraft:acacia_leaves":3,"minecraft:oak_sapling":3,"minecraft:spruce_log":4,"minecraft:dandelion":1,"minecraft:crafting_table":1,"minecraft:grass":3,"minecraft:acacia_log":9,"minecraft:oak_log":47,"minecraft:tall_grass":2,"minecraft:acacia_planks":4,"minecraft:oak_leaves":304},"minecraft:dropped":{"minecraft:bread":1,"minecraft:oak_log":31,"minecraft:acacia_log":9,"minecraft:dandelion":1,"minecraft:stick":2},"minecraft:crafted":{"minecraft:oak_planks":16,"minecraft:crafting_table":2,"minecraft:spruce_planks":4,"minecraft:wooden_axe":3,"minecraft:bone_meal":6}},"DataVersion":2975}