{"stats":{"minecraft:used":{"minecraft:wooden_axe":117,"minecraft:bread":8,"minecraft:iron_sword":11,"minecraft:iron_boots":1,"minecraft:diamond_axe":81,"minecraft:torch":1,"minecraft:crafting_table":4,"minecraft:oak_sapling":15,"minecraft:acacia_planks":4,"minecraft:spruce_log":5,"minecraft:diamond_leggings":1,"minecraft:bone_meal":35},"minecraft:picked_up":{"minecraft:wooden_axe":1,"minecraft:stick":25,"minecraft:crafting_table":1,"minecraft:dandelion":1,"minecraft:torch":1,"minecraft:acacia_log":9,"minecraft:porkchop":1,"minecraft:oak_log":51,"minecraft:spruce_log":69,"minecraft:arrow":1,"minecraft:diamond_chestplate":1,"minecraft:bone":5,"minecraft:acacia_planks":8,"minecraft:rotten_flesh":3,"minecraft:apple":2,"minecraft:diamond_leggings":1,"minecraft:diamond_boots":1,"minecraft:diamond_axe":1,"minecraft:stone_pickaxe":1,"minecraft:bread":11,"minecraft:diamond_helmet":1,"minecraft:oak_sapling":32,"minecraft:iron_sword":1,"minecraft:iron_boots":1},"minecraft:killed":{"minecraft:skeleton":2,"minecraft:pig":1},"minecraft:custom":{"minecraft:time_since_rest":15,"minecraft:sprint_one_cm":7819,"minecraft:damage_taken":413,"minecraft:walk_one_cm":211904,"minecraft:mob_kills":3,"minecraft:drop":15,"minecraft:damage_dealt":244,"minecraft:traded_with_villager":16,"minecraft:interact_with_crafting_table":6,"minecraft:talked_to_villager":12,"minecraft:fly_one_cm":3544,"minecraft:open_chest":1,"minecraft:crouch_one_cm":148,"minecraft:play_time":51382,"minecraft:sneak_time":102,"minecraft:walk_under_water_one_cm":625,"minecraft:jump":386,"minecraft:walk_on_water_one_cm":2611,"minecraft:time_since_death":51382,"minecraft:sleep_in_bed":4,"minecraft:total_world_time":51382,"minecraft:fall_one_cm":7581},"minecraft:broken":{"minecraft:wooden_axe":2},"minecraft:mined":{"minecraft:acacia_leaves":3,"minecraft:oak_sapling":3,"minecraft:spruce_log":69,"minecraft:dandelion":1,"minecraft:crafting_table":1,"minecraft:grass":5,"minecraft:acacia_log":9,"minecraft:oak_log":51,"minecraft:tall_grass":2,"minecraft:acacia_planks":4,"minecraft:oak_leaves":315},"minecraft:dropped":{"minecraft:bread":1,"minecraft:oak_log":31,"minecraft:wooden_axe":1,"minecraft:acacia_log":9,"minecraft:dandelion":1,"minecraft:stick":2},"minecraft:crafted":{"minecraft:oak_planks":16,"minecraft:emerald":16,"minecraft:crafting_table":3,"minecraft:spruce_planks":250,"minecraft:stick":502,"minecraft:wooden_axe":3,"minecraft:bone_meal":9}},"DataVersion":2975}