{"stats":{"minecraft:used":{"minecraft:oak_log":10,"minecraft:wooden_axe":117,"minecraft:bread":9,"minecraft:iron_sword":11,"minecraft:iron_boots":1,"minecraft:spruce_sapling":2,"minecraft:diamond_axe":201,"minecraft:torch":1,"minecraft:crafting_table":4,"minecraft:oak_sapling":34,"minecraft:acacia_planks":4,"minecraft:spruce_log":5,"minecraft:diamond_leggings":1,"minecraft:bone_meal":50},"minecraft:picked_up":{"minecraft:wooden_axe":1,"minecraft:spruce_leaves":1,"minecraft:stick":26,"minecraft:crafting_table":1,"minecraft:dandelion":1,"minecraft:torch":1,"minecraft:acacia_log":20,"minecraft:porkchop":1,"minecraft:spruce_sapling":16,"minecraft:oak_log":76,"minecraft:spruce_log":130,"minecraft:arrow":1,"minecraft:diamond_chestplate":1,"minecraft:bone":5,"minecraft:acacia_planks":8,"minecraft:rotten_flesh":3,"minecraft:apple":3,"minecraft:diamond_leggings":1,"minecraft:diamond_boots":1,"minecraft:diamond_axe":1,"minecraft:stone_pickaxe":1,"minecraft:bone_meal":29,"minecraft:emerald":16,"minecraft:bread":11,"minecraft:oak_planks":32,"minecraft:diamond_helmet":1,"minecraft:oak_sapling":34,"minecraft:iron_sword":1,"minecraft:iron_boots":1},"minecraft:killed":{"minecraft:skeleton":2,"minecraft:pig":1},"minecraft:custom":{"minecraft:time_since_rest":11400,"minecraft:sprint_one_cm":9256,"minecraft:damage_taken":449,"minecraft:walk_one_cm":268109,"minecraft:mob_kills":3,"minecraft:drop":17,"minecraft:damage_dealt":244,"minecraft:traded_with_villager":16,"minecraft:interact_with_crafting_table":8,"minecraft:talked_to_villager":14,"minecraft:fly_one_cm":4348,"minecraft:open_chest":8,"minecraft:crouch_one_cm":148,"minecraft:play_time":63382,"minecraft:sneak_time":102,"minecraft:walk_under_water_one_cm":625,"minecraft:jump":509,"minecraft:walk_on_water_one_cm":2839,"minecraft:time_since_death":63382,"minecraft:sleep_in_bed":5,"minecraft:total_world_time":63382,"minecraft:fall_one_cm":10319},"minecraft:broken":{"minecraft:wooden_axe":2},"minecraft:mined":{"minecraft:acacia_leaves":3,"minecraft:oak_sapling":3,"minecraft:glass_pane":1,"minecraft:spruce_log":130,"minecraft:dandelion":1,"minecraft:crafting_table":1,"minecraft:grass":5,"minecraft:acacia_log":21,"minecraft:oak_log":76,"minecraft:tall_grass":2,"minecraft:spruce_leaves":11,"minecraft:acacia_planks":4,"minecraft:oak_leaves":326},"minecraft:dropped":{"minecraft:bread":1,"minecraft:oak_log":47,"minecraft:wooden_axe":1,"minecraft:acacia_log":9,"minecraft:dandelion":1,"minecraft:stick":2,"minecraft:emerald":16},"minecraft:crafted":{"minecraft:oak_planks":16,"minecraft:emerald":16,"minecraft:crafting_table":3,"minecraft:spruce_planks":250,"minecraft:stick":566,"minecraft:wooden_axe":3,"minecraft:bone_meal":14}},"DataVersion":2975}