{"stats":{"minecraft:used":{"minecraft:iron_sword":27,"minecraft:fletching_table":10,"minecraft:diamond_axe":250,"minecraft:sugar_cane":5,"minecraft:torch":1,"minecraft:crafting_table":4,"minecraft:spruce_log":5,"minecraft:oak_log":10,"minecraft:wooden_axe":117,"minecraft:bread":10,"minecraft:iron_boots":1,"minecraft:spruce_sapling":13,"minecraft:oak_sapling":34,"minecraft:acacia_planks":4,"minecraft:bone_meal":70,"minecraft:diamond_leggings":1},"minecraft:picked_up":{"minecraft:wooden_axe":1,"minecraft:spruce_leaves":3,"minecraft:crafting_table":1,"minecraft:leather":15,"minecraft:oak_log":76,"minecraft:bone":5,"minecraft:acacia_planks":8,"minecraft:apple":3,"minecraft:diamond_leggings":1,"minecraft:stone_pickaxe":1,"minecraft:fletching_table":10,"minecraft:diamond_helmet":1,"minecraft:sugar_cane":20,"minecraft:iron_sword":1,"minecraft:oak_planks":32,"minecraft:iron_boots":1,"minecraft:stick":32,"minecraft:torch":1,"minecraft:acacia_log":21,"minecraft:dandelion":1,"minecraft:porkchop":1,"minecraft:spruce_sapling":29,"minecraft:spruce_log":155,"minecraft:spider_eye":1,"minecraft:arrow":1,"minecraft:rotten_flesh":5,"minecraft:diamond_chestplate":1,"minecraft:diamond_boots":1,"minecraft:diamond_axe":1,"minecraft:bone_meal":29,"minecraft:bread":11,"minecraft:emerald":27,"minecraft:oak_sapling":34},"minecraft:killed":{"minecraft:pig":1,"minecraft:spider":1,"minecraft:skeleton":2,"minecraft:zombie":1},"minecraft:custom":{"minecraft:mob_kills":5,"minecraft:traded_with_villager":46,"minecraft:interact_with_crafting_table":11,"minecraft:time_since_death":87382,"minecraft:sleep_in_bed":7,"minecraft:time_since_rest":15356,"minecraft:sprint_one_cm":16452,"minecraft:damage_taken":510,"minecraft:walk_one_cm":356549,"minecraft:drop":19,"minecraft:damage_dealt":610,"minecraft:talked_to_villager":30,"minecraft:fly_one_cm":5312,"minecraft:open_chest":8,"minecraft:crouch_one_cm":198,"minecraft:play_time":87382,"minecraft:sneak_time":107,"minecraft:walk_under_water_one_cm":625,"minecraft:jump":644,"minecraft:walk_on_water_one_cm":2839,"minecraft:total_world_time":87382,"minecraft:fall_one_cm":13988},"minecraft:broken":{"minecraft:wooden_axe":2},"minecraft:mined":{"minecraft:acacia_leaves":4,"minecraft:oak_sapling":3,"minecraft:glass_pane":3,"minecraft:dandelion":1,"minecraft:crafting_table":1,"minecraft:acacia_log":22,"minecraft:tall_grass":2,"minecraft:spruce_leaves":22,"minecraft:sugar_cane":16,"minecraft:spruce_sapling":2,"minecraft:spruce_log":156,"minecraft:fletching_table":10,"minecraft:grass":5,"minecraft:oak_log":76,"minecraft:acacia_planks":4,"minecraft:oak_leaves":326},"minecraft:dropped":{"minecraft:bread":1,"minecraft:oak_log":47,"minecraft:acacia_log":9,"minecraft:stick":2,"minecraft:emerald":16,"minecraft:spruce_leaves":2,"minecraft:wooden_axe":1,"minecraft:dandelion":1},"minecraft:crafted":{"minecraft:oak_planks":76,"minecraft:emerald":46,"minecraft:crafting_table":3,"minecraft:spruce_planks":594,"minecraft:bone_meal":14,"minecraft:stick":1468,"minecraft:wooden_axe":3,"minecraft:acacia_planks":48}},"DataVersion":2975}