{"stats":{"minecraft:used":{"minecraft:wooden_axe":53,"minecraft:bread":5,"minecraft:iron_sword":2,"minecraft:iron_boots":1,"minecraft:torch":1,"minecraft:crafting_table":1,"minecraft:oak_sapling":4,"minecraft:bone_meal":11},"minecraft:picked_up":{"minecraft:stick":6,"minecraft:torch":1,"minecraft:acacia_log":9,"minecraft:porkchop":1,"minecraft:oak_log":10,"minecraft:spruce_log":4,"minecraft:bone":2,"minecraft:acacia_planks":4,"minecraft:rotten_flesh":3,"minecraft:apple":1,"minecraft:bread":11,"minecraft:oak_sapling":7,"minecraft:iron_sword":1,"minecraft:iron_boots":1},"minecraft:killed":{"minecraft:pig":1},"minecraft:custom":{"minecraft:time_since_rest":6288,"minecraft:sprint_one_cm":4446,"minecraft:damage_taken":304,"minecraft:walk_one_cm":114007,"minecraft:mob_kills":1,"minecraft:drop":12,"minecraft:damage_dealt":125,"minecraft:interact_with_crafting_table":2,"minecraft:talked_to_villager":1,"minecraft:fly_one_cm":1844,"minecraft:open_chest":1,"minecraft:crouch_one_cm":135,"minecraft:play_time":21382,"minecraft:sneak_time":88,"minecraft:jump":192,"minecraft:walk_on_water_one_cm":571,"minecraft:time_since_death":21382,"minecraft:sleep_in_bed":1,"minecraft:total_world_time":21382,"minecraft:fall_one_cm":3097},"minecraft:mined":{"minecraft:acacia_leaves":3,"minecraft:oak_sapling":1,"minecraft:spruce_log":4,"minecraft:acacia_log":9,"minecraft:oak_log":10,"minecraft:tall_grass":2,"minecraft:oak_leaves":47},"minecraft:dropped":{"minecraft:bread":1,"minecraft:acacia_log":9,"minecraft:stick":2},"minecraft:crafted":{"minecraft:oak_planks":16,"minecraft:crafting_table":1,"minecraft:wooden_axe":1}},"DataVersion":2975}