{"stats":{"minecraft:used":{"minecraft:moss_carpet":2,"minecraft:ladder":19,"minecraft:chest":2,"minecraft:shield":30,"minecraft:iron_chestplate":2,"minecraft:spruce_leaves":8,"minecraft:tuff":11,"minecraft:snowball":6,"minecraft:lava_bucket":10,"minecraft:iron_helmet":3,"minecraft:furnace":8,"minecraft:egg":2,"minecraft:diorite":16,"minecraft:diamond_boots":5,"minecraft:oak_planks":45,"minecraft:stone_pickaxe":29,"minecraft:wooden_pickaxe":3,"minecraft:blue_bed":1,"minecraft:diamond_axe":1142,"minecraft:white_wool":12,"minecraft:sand":7,"minecraft:bread":66,"minecraft:lectern":286,"minecraft:gravel":27,"minecraft:diamond_sword":407,"minecraft:grindstone":2,"minecraft:smithing_table":1,"minecraft:bone_meal":37,"minecraft:enchanting_table":2,"minecraft:stone_sword":49,"minecraft:flint_and_steel":35,"minecraft:spruce_planks":53,"minecraft:wooden_shovel":25,"minecraft:stone_hoe":57,"minecraft:netherrack":125,"minecraft:torch":48,"minecraft:brewing_stand":1,"minecraft:dirt":16,"minecraft:granite":1,"minecraft:iron_axe":113,"minecraft:iron_boots":1,"minecraft:diamond_chestplate":1,"minecraft:beef":3,"minecraft:cooked_beef":33,"minecraft:cobbled_deepslate":329,"minecraft:water_bucket":31,"minecraft:glass_bottle":3,"minecraft:fletching_table":7,"minecraft:oak_slab":2,"minecraft:crafting_table":14,"minecraft:white_bed":4,"minecraft:spruce_log":14,"minecraft:smoker":6,"minecraft:diamond_pickaxe":1402,"minecraft:iron_pickaxe":179,"minecraft:spruce_trapdoor":1,"minecraft:spruce_sapling":49,"minecraft:stone_axe":250,"minecraft:cobblestone":159,"minecraft:cooked_porkchop":5,"minecraft:bucket":45,"minecraft:pumpkin_pie":30,"minecraft:diamond_leggings":4,"minecraft:splash_potion":2},"minecraft:picked_up":{"minecraft:iron_chestplate":6,"minecraft:diamond_sword":7,"minecraft:oak_stairs":170,"minecraft:brewing_stand":2,"minecraft:string":11,"minecraft:diamond_leggings":6,"minecraft:cobbled_deepslate":717,"minecraft:bucket":1,"minecraft:spruce_planks":29,"minecraft:iron_pickaxe":2,"minecraft:furnace":12,"minecraft:stick":172,"minecraft:big_dripleaf":3,"minecraft:torch":116,"minecraft:porkchop":36,"minecraft:diorite":60,"minecraft:cactus":1,"minecraft:rotten_flesh":73,"minecraft:tropical_fish":6,"minecraft:blaze_rod":54,"minecraft:obsidian":4,"minecraft:iron_bars":2,"minecraft:snowball":16,"minecraft:cobblestone":280,"minecraft:enchanting_table":3,"minecraft:birch_log":7,"minecraft:cooked_beef":26,"minecraft:water_bucket":6,"minecraft:andesite":3,"minecraft:smoker":9,"minecraft:flint":6,"minecraft:tuff":65,"minecraft:lapis_lazuli":559,"minecraft:dirt":72,"minecraft:name_tag":4,"minecraft:bone":30,"minecraft:stonecutter":7,"minecraft:wheat_seeds":11,"minecraft:grindstone":2,"minecraft:diamond_helmet":2,"minecraft:fletching_table":5,"minecraft:moss_block":2,"minecraft:stone_hoe":1,"minecraft:oak_planks":190,"minecraft:cooked_porkchop":4,"minecraft:sand":10,"minecraft:stripped_spruce_log":10,"minecraft:ink_sac":2,"minecraft:diamond":66,"minecraft:granite":9,"minecraft:bread":726,"minecraft:emerald":155,"minecraft:oak_sapling":10,"minecraft:netherrack":163,"minecraft:oak_leaves":17,"minecraft:diamond_pickaxe":6,"minecraft:spruce_leaves":10,"minecraft:crafting_table":8,"minecraft:nether_wart":57,"minecraft:ladder":19,"minecraft:clay_ball":4,"minecraft:brown_mushroom":11,"minecraft:gold_block":2,"minecraft:diamond_horse_armor":4,"minecraft:shield":6,"minecraft:oak_trapdoor":1,"minecraft:moss_carpet":4,"minecraft:iron_axe":1,"minecraft:flint_and_steel":6,"minecraft:white_carpet":2,"minecraft:beef":200,"minecraft:poppy":8,"minecraft:lectern":283,"minecraft:sugar_cane":118,"minecraft:birch_sapling":2,"minecraft:spruce_trapdoor":1,"minecraft:egg":2,"minecraft:raw_iron":168,"minecraft:stone":3,"minecraft:redstone":62,"minecraft:diamond_chestplate":2,"minecraft:stone_shovel":1,"minecraft:arrow":33,"minecraft:peony":1,"minecraft:diamond_boots":6,"minecraft:hay_block":51,"minecraft:glow_berries":18,"minecraft:white_wool":24,"minecraft:glow_ink_sac":13,"minecraft:leather":43,"minecraft:birch_planks":23,"minecraft:oak_log":67,"minecraft:gunpowder":10,"minecraft:apple":1,"minecraft:iron_ingot":81,"minecraft:stone_pickaxe":3,"minecraft:acacia_sapling":1,"minecraft:book":2,"minecraft:pumpkin":10,"minecraft:raw_iron_block":1,"minecraft:gravel":47,"minecraft:amethyst_shard":12,"minecraft:spruce_sapling":64,"minecraft:white_bed":7,"minecraft:spruce_log":843,"minecraft:spruce_door":1,"minecraft:spider_eye":2,"minecraft:stone_axe":9,"minecraft:iron_helmet":3,"minecraft:diamond_axe":1,"minecraft:coal":128},"minecraft:killed":{"minecraft:spider":13,"minecraft:skeleton":17,"minecraft:pig":7,"minecraft:iron_golem":3,"minecraft:creeper":5,"minecraft:zombie":59,"minecraft:cow":36,"minecraft:blaze":36,"minecraft:horse":5,"minecraft:wither_skeleton":3,"minecraft:villager":1},"minecraft:custom":{"minecraft:interact_with_crafting_table":65,"minecraft:leave_game":10,"minecraft:time_since_death":83643,"minecraft:sprint_one_cm":884685,"minecraft:damage_blocked_by_shield":1977,"minecraft:drop":90,"minecraft:talked_to_villager":802,"minecraft:play_time":456942,"minecraft:deaths":7,"minecraft:jump":8446,"minecraft:interact_with_brewingstand":9,"minecraft:walk_on_water_one_cm":44450,"minecraft:enchant_item":13,"minecraft:interact_with_furnace":75,"minecraft:traded_with_villager":257,"minecraft:sleep_in_bed":17,"minecraft:damage_dealt":34547,"minecraft:player_kills":1,"minecraft:crouch_one_cm":74919,"minecraft:interact_with_smoker":25,"minecraft:use_cauldron":1,"minecraft:horse_one_cm":12092,"minecraft:mob_kills":189,"minecraft:climb_one_cm":8592,"minecraft:walk_one_cm":919029,"minecraft:sneak_time":28355,"minecraft:walk_under_water_one_cm":23893,"minecraft:total_world_time":456942,"minecraft:time_since_rest":17962,"minecraft:damage_taken":7893,"minecraft:swim_one_cm":26716,"minecraft:fly_one_cm":2756053,"minecraft:open_chest":122,"minecraft:fall_one_cm":249155},"minecraft:broken":{"minecraft:stone_axe":2},"minecraft:mined":{"minecraft:spruce_planks":29,"minecraft:white_bed":3,"minecraft:obsidian":4,"minecraft:spruce_trapdoor":1,"minecraft:cave_vines_plant":4,"minecraft:granite":7,"minecraft:grass_block":12,"minecraft:raw_iron_block":1,"minecraft:iron_ore":35,"minecraft:cobbled_deepslate":85,"minecraft:fire":18,"minecraft:fletching_table":5,"minecraft:deepslate_lapis_ore":10,"minecraft:enchanting_table":2,"minecraft:cave_vines":5,"minecraft:dirt_path":5,"minecraft:oak_stairs":41,"minecraft:iron_bars":2,"minecraft:deepslate_redstone_ore":14,"minecraft:brown_mushroom":11,"minecraft:smoker":5,"minecraft:clay":2,"minecraft:torch":1,"minecraft:cobblestone":28,"minecraft:grindstone":2,"minecraft:sugar_cane":36,"minecraft:oak_planks":48,"minecraft:wall_torch":2,"minecraft:birch_log":7,"minecraft:grass":113,"minecraft:oak_log":67,"minecraft:sand":10,"minecraft:dirt":19,"minecraft:stonecutter":1,"minecraft:netherrack":162,"minecraft:oak_leaves":184,"minecraft:deepslate":637,"minecraft:tuff":73,"minecraft:mossy_cobblestone":1,"minecraft:deepslate_diamond_ore":43,"minecraft:ladder":19,"minecraft:spruce_leaves":25,"minecraft:moss_block":2,"minecraft:large_fern":2,"minecraft:hay_block":53,"minecraft:oak_trapdoor":1,"minecraft:spruce_sapling":2,"minecraft:furnace":4,"minecraft:andesite":3,"minecraft:stripped_spruce_log":10,"minecraft:peony":1,"minecraft:gold_block":2,"minecraft:deepslate_iron_ore":83,"minecraft:vine":1,"minecraft:stone":254,"minecraft:oak_slab":1,"minecraft:spruce_door":1,"minecraft:oak_fence":1,"minecraft:crafting_table":9,"minecraft:lectern":283,"minecraft:tall_grass":4,"minecraft:deepslate_coal_ore":1,"minecraft:lapis_ore":10,"minecraft:diorite":23,"minecraft:white_carpet":1,"minecraft:spruce_log":839,"minecraft:birch_leaves":1,"minecraft:coal_ore":71,"minecraft:gravel":58,"minecraft:fern":2},"minecraft:dropped":{"minecraft:diamond_axe":1,"minecraft:diamond":7,"minecraft:cooked_porkchop":1,"minecraft:spruce_leaves":1,"minecraft:dirt":1,"minecraft:bone_meal":29,"minecraft:pumpkin_pie":31,"minecraft:amethyst_shard":12,"minecraft:axolotl_bucket":1,"minecraft:iron_pickaxe":2,"minecraft:gravel":1,"minecraft:stone_axe":4,"minecraft:cobbled_deepslate":31,"minecraft:birch_sapling":2,"minecraft:rotten_flesh":4,"minecraft:oak_planks":56,"minecraft:poppy":3,"minecraft:spruce_slab":4,"minecraft:iron_bars":2,"minecraft:arrow":1,"minecraft:enchanted_book":10,"minecraft:iron_ingot":2,"minecraft:bread":88,"minecraft:stripped_spruce_log":2,"minecraft:wheat_seeds":2,"minecraft:diamond_leggings":1,"minecraft:granite":1,"minecraft:tropical_fish":2,"minecraft:stick":1,"minecraft:diorite":12,"minecraft:diamond_helmet":1,"minecraft:cactus":1,"minecraft:string":4,"minecraft:spruce_sapling":13,"minecraft:oak_trapdoor":1,"minecraft:stone_sword":1,"minecraft:stone_shovel":1,"minecraft:white_carpet":2,"minecraft:flint_and_steel":2,"minecraft:diamond_sword":2,"minecraft:stone":3,"minecraft:diamond_chestplate":1,"minecraft:spruce_planks":2,"minecraft:diamond_pickaxe":1,"minecraft:iron_chestplate":2,"minecraft:andesite":3,"minecraft:oak_sapling":1,"minecraft:spider_eye":1,"minecraft:diamond_boots":1,"minecraft:stone_pickaxe":4,"minecraft:wooden_pickaxe":1},"minecraft:crafted":{"minecraft:oak_planks":260,"minecraft:blaze_powder":2,"minecraft:stone":3,"minecraft:bookshelf":3,"minecraft:glass":3,"minecraft:diamond_helmet":1,"minecraft:diamond_leggings":1,"minecraft:iron_boots":1,"minecraft:chest":2,"minecraft:stone_hoe":1,"minecraft:smoker":1,"minecraft:glass_bottle":3,"minecraft:oak_slab":6,"minecraft:wooden_shovel":1,"minecraft:emerald":210,"minecraft:cooked_porkchop":5,"minecraft:diamond_axe":2,"minecraft:crafting_table":6,"minecraft:spruce_planks":3144,"minecraft:wooden_pickaxe":1,"minecraft:iron_helmet":1,"minecraft:smithing_table":1,"minecraft:copper_ingot":39,"minecraft:fletching_table":2,"minecraft:birch_planks":28,"minecraft:lectern":3,"minecraft:wooden_hoe":1,"minecraft:iron_chestplate":1,"minecraft:book":21,"minecraft:paper":63,"minecraft:diamond_pickaxe":2,"minecraft:shield":1,"minecraft:stick":6604,"minecraft:iron_ingot":111,"minecraft:iron_pickaxe":1,"minecraft:stone_sword":1,"minecraft:gold_ingot":9,"minecraft:stone_shovel":2,"minecraft:raw_iron":9,"minecraft:furnace":5,"minecraft:bone_meal":96,"minecraft:flint_and_steel":1,"minecraft:iron_axe":1,"minecraft:spruce_slab":12,"minecraft:stone_pickaxe":1,"minecraft:diamond_boots":1,"minecraft:wheat":459,"minecraft:cooked_beef":33,"minecraft:sugar":1,"minecraft:diamond_sword":1,"minecraft:enchanting_table":1,"minecraft:bucket":2,"minecraft:stone_axe":13,"minecraft:enchanted_book":13,"minecraft:bread":153,"minecraft:air":0,"minecraft:golden_apple":1,"minecraft:fermented_spider_eye":1,"minecraft:pumpkin_pie":84,"minecraft:torch":100,"minecraft:diamond_chestplate":1},"minecraft:killed_by":{"minecraft:creeper":1,"minecraft:player":4}},"DataVersion":2975}