{"stats":{"minecraft:used":{"minecraft:moss_carpet":2,"minecraft:stone_sword":49,"minecraft:enchanting_table":2,"minecraft:flint_and_steel":15,"minecraft:ladder":19,"minecraft:chest":2,"minecraft:spruce_planks":53,"minecraft:shield":29,"minecraft:wooden_shovel":25,"minecraft:stone_hoe":57,"minecraft:netherrack":125,"minecraft:iron_chestplate":2,"minecraft:spruce_leaves":4,"minecraft:torch":43,"minecraft:brewing_stand":1,"minecraft:dirt":16,"minecraft:tuff":11,"minecraft:snowball":6,"minecraft:lava_bucket":10,"minecraft:iron_axe":113,"minecraft:iron_helmet":3,"minecraft:iron_boots":1,"minecraft:diamond_chestplate":1,"minecraft:furnace":8,"minecraft:egg":2,"minecraft:cooked_beef":33,"minecraft:cobbled_deepslate":329,"minecraft:water_bucket":30,"minecraft:diorite":16,"minecraft:diamond_boots":5,"minecraft:oak_planks":45,"minecraft:stone_pickaxe":29,"minecraft:glass_bottle":3,"minecraft:wooden_pickaxe":3,"minecraft:blue_bed":1,"minecraft:diamond_axe":576,"minecraft:fletching_table":7,"minecraft:white_wool":12,"minecraft:sand":7,"minecraft:oak_slab":2,"minecraft:crafting_table":14,"minecraft:white_bed":4,"minecraft:spruce_log":14,"minecraft:smoker":6,"minecraft:diamond_pickaxe":1329,"minecraft:iron_pickaxe":179,"minecraft:lectern":249,"minecraft:bread":66,"minecraft:spruce_trapdoor":1,"minecraft:gravel":27,"minecraft:spruce_sapling":16,"minecraft:stone_axe":250,"minecraft:diamond_sword":397,"minecraft:cobblestone":159,"minecraft:grindstone":2,"minecraft:cooked_porkchop":5,"minecraft:smithing_table":1,"minecraft:bucket":43,"minecraft:diamond_leggings":4,"minecraft:pumpkin_pie":5,"minecraft:splash_potion":2,"minecraft:bone_meal":14},"minecraft:picked_up":{"minecraft:spruce_leaves":5,"minecraft:iron_chestplate":6,"minecraft:crafting_table":8,"minecraft:ladder":19,"minecraft:nether_wart":57,"minecraft:clay_ball":4,"minecraft:brown_mushroom":11,"minecraft:diamond_sword":7,"minecraft:oak_stairs":170,"minecraft:gold_block":2,"minecraft:diamond_horse_armor":4,"minecraft:brewing_stand":2,"minecraft:shield":6,"minecraft:oak_trapdoor":1,"minecraft:string":11,"minecraft:moss_carpet":4,"minecraft:iron_axe":1,"minecraft:flint_and_steel":5,"minecraft:white_carpet":2,"minecraft:diamond_leggings":6,"minecraft:cobbled_deepslate":701,"minecraft:bucket":1,"minecraft:spruce_planks":29,"minecraft:beef":188,"minecraft:poppy":7,"minecraft:iron_pickaxe":1,"minecraft:lectern":248,"minecraft:sugar_cane":64,"minecraft:birch_sapling":2,"minecraft:spruce_trapdoor":1,"minecraft:furnace":12,"minecraft:egg":2,"minecraft:raw_iron":168,"minecraft:stick":158,"minecraft:stone":3,"minecraft:big_dripleaf":3,"minecraft:torch":87,"minecraft:porkchop":36,"minecraft:diorite":60,"minecraft:redstone":62,"minecraft:cactus":1,"minecraft:arrow":33,"minecraft:stone_shovel":1,"minecraft:rotten_flesh":72,"minecraft:diamond_chestplate":2,"minecraft:tropical_fish":6,"minecraft:peony":1,"minecraft:diamond_boots":6,"minecraft:hay_block":51,"minecraft:blaze_rod":54,"minecraft:glow_berries":18,"minecraft:obsidian":4,"minecraft:iron_bars":2,"minecraft:snowball":16,"minecraft:white_wool":24,"minecraft:cobblestone":233,"minecraft:birch_log":7,"minecraft:enchanting_table":3,"minecraft:cooked_beef":26,"minecraft:glow_ink_sac":13,"minecraft:water_bucket":6,"minecraft:andesite":3,"minecraft:leather":37,"minecraft:smoker":9,"minecraft:birch_planks":23,"minecraft:flint":5,"minecraft:tuff":65,"minecraft:oak_log":67,"minecraft:gunpowder":10,"minecraft:lapis_lazuli":559,"minecraft:dirt":72,"minecraft:name_tag":4,"minecraft:bone":30,"minecraft:apple":1,"minecraft:stonecutter":7,"minecraft:wheat_seeds":10,"minecraft:grindstone":2,"minecraft:iron_ingot":81,"minecraft:stone_pickaxe":3,"minecraft:fletching_table":5,"minecraft:diamond_helmet":2,"minecraft:moss_block":2,"minecraft:oak_planks":190,"minecraft:stone_hoe":1,"minecraft:cooked_porkchop":4,"minecraft:pumpkin":10,"minecraft:raw_iron_block":1,"minecraft:gravel":44,"minecraft:sand":10,"minecraft:amethyst_shard":12,"minecraft:stripped_spruce_log":10,"minecraft:spruce_sapling":33,"minecraft:ink_sac":2,"minecraft:white_bed":7,"minecraft:spruce_log":345,"minecraft:spider_eye":2,"minecraft:spruce_door":1,"minecraft:diamond":66,"minecraft:stone_axe":9,"minecraft:iron_helmet":3,"minecraft:granite":3,"minecraft:bread":726,"minecraft:oak_sapling":10,"minecraft:netherrack":163,"minecraft:coal":128,"minecraft:oak_leaves":17,"minecraft:diamond_pickaxe":6},"minecraft:killed":{"minecraft:spider":11,"minecraft:horse":5,"minecraft:skeleton":17,"minecraft:pig":7,"minecraft:iron_golem":3,"minecraft:creeper":4,"minecraft:zombie":58,"minecraft:wither_skeleton":3,"minecraft:villager":1,"minecraft:blaze":36,"minecraft:cow":28},"minecraft:custom":{"minecraft:mob_kills":177,"minecraft:interact_with_crafting_table":54,"minecraft:leave_game":7,"minecraft:time_since_death":24070,"minecraft:climb_one_cm":8592,"minecraft:sprint_one_cm":724787,"minecraft:walk_one_cm":781116,"minecraft:damage_blocked_by_shield":1887,"minecraft:drop":64,"minecraft:talked_to_villager":716,"minecraft:play_time":397369,"minecraft:sneak_time":23937,"minecraft:deaths":7,"minecraft:walk_under_water_one_cm":22047,"minecraft:interact_with_brewingstand":9,"minecraft:jump":6671,"minecraft:walk_on_water_one_cm":39663,"minecraft:enchant_item":13,"minecraft:total_world_time":397369,"minecraft:interact_with_furnace":68,"minecraft:traded_with_villager":107,"minecraft:sleep_in_bed":11,"minecraft:time_since_rest":12379,"minecraft:damage_taken":7208,"minecraft:damage_dealt":32971,"minecraft:player_kills":1,"minecraft:swim_one_cm":21366,"minecraft:fly_one_cm":2364464,"minecraft:open_chest":97,"minecraft:crouch_one_cm":65699,"minecraft:fall_one_cm":197881,"minecraft:interact_with_smoker":25,"minecraft:horse_one_cm":12092},"minecraft:broken":{"minecraft:stone_axe":2},"minecraft:mined":{"minecraft:tuff":73,"minecraft:spruce_planks":29,"minecraft:white_bed":3,"minecraft:mossy_cobblestone":1,"minecraft:deepslate_diamond_ore":43,"minecraft:obsidian":4,"minecraft:cave_vines_plant":4,"minecraft:spruce_trapdoor":1,"minecraft:ladder":19,"minecraft:granite":1,"minecraft:grass_block":12,"minecraft:spruce_leaves":19,"minecraft:moss_block":2,"minecraft:large_fern":2,"minecraft:hay_block":53,"minecraft:raw_iron_block":1,"minecraft:oak_trapdoor":1,"minecraft:spruce_sapling":1,"minecraft:furnace":4,"minecraft:iron_ore":35,"minecraft:fire":14,"minecraft:cobbled_deepslate":85,"minecraft:andesite":3,"minecraft:stripped_spruce_log":10,"minecraft:deepslate_lapis_ore":10,"minecraft:fletching_table":5,"minecraft:peony":1,"minecraft:gold_block":2,"minecraft:enchanting_table":2,"minecraft:dirt_path":5,"minecraft:vine":1,"minecraft:cave_vines":5,"minecraft:deepslate_iron_ore":83,"minecraft:oak_stairs":41,"minecraft:iron_bars":2,"minecraft:stone":207,"minecraft:deepslate_redstone_ore":14,"minecraft:oak_slab":1,"minecraft:brown_mushroom":11,"minecraft:smoker":5,"minecraft:spruce_door":1,"minecraft:clay":2,"minecraft:oak_fence":1,"minecraft:crafting_table":9,"minecraft:torch":1,"minecraft:lectern":248,"minecraft:tall_grass":4,"minecraft:cobblestone":28,"minecraft:deepslate_coal_ore":1,"minecraft:oak_planks":48,"minecraft:lapis_ore":10,"minecraft:sugar_cane":10,"minecraft:grindstone":2,"minecraft:wall_torch":2,"minecraft:diorite":23,"minecraft:birch_log":7,"minecraft:spruce_log":327,"minecraft:birch_leaves":1,"minecraft:white_carpet":1,"minecraft:grass":75,"minecraft:coal_ore":71,"minecraft:oak_log":67,"minecraft:gravel":54,"minecraft:dirt":19,"minecraft:sand":10,"minecraft:stonecutter":1,"minecraft:netherrack":162,"minecraft:deepslate":621,"minecraft:oak_leaves":184,"minecraft:fern":2},"minecraft:dropped":{"minecraft:iron_ingot":2,"minecraft:bread":88,"minecraft:stripped_spruce_log":2,"minecraft:wheat_seeds":1,"minecraft:diamond":7,"minecraft:cooked_porkchop":1,"minecraft:granite":1,"minecraft:tropical_fish":2,"minecraft:dirt":1,"minecraft:diorite":12,"minecraft:pumpkin_pie":31,"minecraft:amethyst_shard":12,"minecraft:axolotl_bucket":1,"minecraft:iron_pickaxe":2,"minecraft:cactus":1,"minecraft:string":4,"minecraft:gravel":1,"minecraft:stone_axe":4,"minecraft:oak_trapdoor":1,"minecraft:stone_sword":1,"minecraft:cobbled_deepslate":31,"minecraft:birch_sapling":2,"minecraft:stone_shovel":1,"minecraft:white_carpet":2,"minecraft:rotten_flesh":4,"minecraft:oak_planks":56,"minecraft:flint_and_steel":1,"minecraft:diamond_sword":1,"minecraft:poppy":2,"minecraft:stone":3,"minecraft:oak_sapling":1,"minecraft:iron_chestplate":2,"minecraft:andesite":3,"minecraft:spider_eye":1,"minecraft:iron_bars":2,"minecraft:arrow":1,"minecraft:stone_pickaxe":4,"minecraft:wooden_pickaxe":1},"minecraft:crafted":{"minecraft:oak_planks":260,"minecraft:raw_iron":9,"minecraft:stone_shovel":2,"minecraft:blaze_powder":2,"minecraft:furnace":5,"minecraft:stone":3,"minecraft:bone_meal":15,"minecraft:bookshelf":1,"minecraft:flint_and_steel":1,"minecraft:glass":3,"minecraft:diamond_helmet":1,"minecraft:diamond_leggings":1,"minecraft:iron_boots":1,"minecraft:iron_axe":1,"minecraft:stone_pickaxe":1,"minecraft:chest":2,"minecraft:diamond_boots":1,"minecraft:stone_hoe":1,"minecraft:smoker":1,"minecraft:wheat":459,"minecraft:cooked_beef":33,"minecraft:sugar":1,"minecraft:glass_bottle":3,"minecraft:oak_slab":6,"minecraft:wooden_shovel":1,"minecraft:diamond_sword":1,"minecraft:emerald":86,"minecraft:cooked_porkchop":5,"minecraft:diamond_axe":1,"minecraft:crafting_table":6,"minecraft:spruce_planks":1152,"minecraft:enchanting_table":1,"minecraft:iron_helmet":1,"minecraft:wooden_pickaxe":1,"minecraft:smithing_table":1,"minecraft:fletching_table":2,"minecraft:bucket":2,"minecraft:birch_planks":28,"minecraft:stone_axe":13,"minecraft:enchanted_book":1,"minecraft:bread":153,"minecraft:air":0,"minecraft:lectern":1,"minecraft:book":5,"minecraft:iron_chestplate":1,"minecraft:wooden_hoe":1,"minecraft:paper":15,"minecraft:golden_apple":1,"minecraft:diamond_pickaxe":1,"minecraft:shield":1,"minecraft:stick":2660,"minecraft:iron_ingot":111,"minecraft:fermented_spider_eye":1,"minecraft:iron_pickaxe":1,"minecraft:stone_sword":1,"minecraft:gold_ingot":9,"minecraft:pumpkin_pie":36,"minecraft:torch":84,"minecraft:diamond_chestplate":1},"minecraft:killed_by":{"minecraft:player":4,"minecraft:creeper":1}},"DataVersion":2975}