{"stats":{"minecraft:used":{"minecraft:chest":12,"minecraft:shield":29,"minecraft:iron_sword":151,"minecraft:rotten_flesh":7,"minecraft:snowball":16,"minecraft:spruce_boat":14,"minecraft:iron_helmet":2,"minecraft:bow":14,"minecraft:furnace":7,"minecraft:egg":1,"minecraft:spruce_door":6,"minecraft:oak_planks":73,"minecraft:stone_pickaxe":93,"minecraft:wooden_pickaxe":3,"minecraft:composter":3,"minecraft:sugar_cane":16,"minecraft:blue_bed":17,"minecraft:diamond_axe":1264,"minecraft:white_wool":2,"minecraft:golden_apple":1,"minecraft:blast_furnace":1,"minecraft:shears":1,"minecraft:redstone_torch":2,"minecraft:bread":87,"minecraft:fire_charge":1,"minecraft:andesite":1,"minecraft:oak_boat":4,"minecraft:bone_meal":3,"minecraft:iron_bars":3,"minecraft:enchanting_table":2,"minecraft:stone_sword":137,"minecraft:acacia_log":3,"minecraft:flint_and_steel":28,"minecraft:carved_pumpkin":2,"minecraft:stone_shovel":131,"minecraft:cooked_salmon":5,"minecraft:oak_door":2,"minecraft:orange_bed":4,"minecraft:torch":212,"minecraft:dirt":5,"minecraft:spyglass":27,"minecraft:white_carpet":1,"minecraft:diamond_helmet":2,"minecraft:granite":15,"minecraft:iron_axe":212,"minecraft:iron_boots":1,"minecraft:diamond_chestplate":1,"minecraft:golden_carrot":9,"minecraft:cooked_beef":9,"minecraft:cobbled_deepslate":338,"minecraft:acacia_planks":2,"minecraft:pumpkin":1,"minecraft:iron_leggings":1,"minecraft:cooked_mutton":20,"minecraft:water_bucket":40,"minecraft:snow_block":6,"minecraft:fletching_table":2,"minecraft:rail":4,"minecraft:tnt":3,"minecraft:crafting_table":22,"minecraft:red_bed":1,"minecraft:white_bed":13,"minecraft:cake":7,"minecraft:smoker":2,"minecraft:oak_log":2,"minecraft:diamond_pickaxe":876,"minecraft:sunflower":3,"minecraft:iron_pickaxe":167,"minecraft:spruce_trapdoor":4,"minecraft:spruce_sapling":14,"minecraft:stone_axe":126,"minecraft:cobblestone":75,"minecraft:cooked_porkchop":4,"minecraft:bucket":40,"minecraft:yellow_bed":4,"minecraft:splash_potion":1},"minecraft:picked_up":{"minecraft:iron_chestplate":2,"minecraft:wheat":1,"minecraft:diamond_sword":1,"minecraft:oak_stairs":12,"minecraft:enchanted_book":8,"minecraft:brewing_stand":1,"minecraft:string":31,"minecraft:iron_leggings":3,"minecraft:diamond_leggings":1,"minecraft:cobbled_deepslate":612,"minecraft:bucket":1,"minecraft:spruce_planks":131,"minecraft:redstone_torch":1,"minecraft:iron_pickaxe":1,"minecraft:furnace":5,"minecraft:iron_boots":2,"minecraft:stick":67,"minecraft:composter":2,"minecraft:big_dripleaf":4,"minecraft:oak_fence":2,"minecraft:torch":96,"minecraft:acacia_log":476,"minecraft:snow_block":16,"minecraft:porkchop":10,"minecraft:orange_bed":4,"minecraft:rotten_flesh":34,"minecraft:obsidian":6,"minecraft:iron_bars":3,"minecraft:cod":4,"minecraft:snowball":126,"minecraft:cobblestone":305,"minecraft:birch_log":55,"minecraft:enchanting_table":2,"minecraft:feather":1,"minecraft:cooked_beef":10,"minecraft:water_bucket":2,"minecraft:andesite":4,"minecraft:smoker":1,"minecraft:tuff":34,"minecraft:lapis_lazuli":85,"minecraft:dirt":68,"minecraft:bone":60,"minecraft:bow":5,"minecraft:wheat_seeds":39,"minecraft:raw_gold":75,"minecraft:diamond_helmet":3,"minecraft:fletching_table":2,"minecraft:oak_planks":249,"minecraft:sand":3,"minecraft:acacia_stairs":1,"minecraft:mossy_cobblestone":5,"minecraft:spruce_boat":13,"minecraft:diamond":22,"minecraft:granite":17,"minecraft:bone_meal":55,"minecraft:golden_apple":2,"minecraft:emerald":39,"minecraft:bread":172,"minecraft:oak_sapling":7,"minecraft:light_gray_carpet":1,"minecraft:oak_leaves":4,"minecraft:diamond_pickaxe":4,"minecraft:spruce_leaves":1,"minecraft:crafting_table":5,"minecraft:brown_mushroom":21,"minecraft:gold_block":1,"minecraft:shield":6,"minecraft:oak_trapdoor":1,"minecraft:red_bed":1,"minecraft:acacia_door":4,"minecraft:white_carpet":6,"minecraft:beef":22,"minecraft:oak_boat":3,"minecraft:iron_nugget":8,"minecraft:poppy":10,"minecraft:sugar_cane":127,"minecraft:birch_sapling":2,"minecraft:spruce_trapdoor":2,"minecraft:egg":2,"minecraft:raw_iron":84,"minecraft:oak_door":4,"minecraft:redstone":150,"minecraft:arrow":65,"minecraft:diamond_chestplate":4,"minecraft:pumpkin_pie":42,"minecraft:diamond_boots":3,"minecraft:hay_block":63,"minecraft:gold_ingot":24,"minecraft:mutton":6,"minecraft:rail":8,"minecraft:white_wool":41,"minecraft:stripped_oak_log":42,"minecraft:leather":14,"minecraft:acacia_wood":86,"minecraft:birch_planks":2,"minecraft:oak_log":612,"minecraft:yellow_bed":3,"minecraft:gunpowder":7,"minecraft:cobblestone_stairs":3,"minecraft:blue_bed":17,"minecraft:cooked_mutton":16,"minecraft:apple":8,"minecraft:kelp":41,"minecraft:iron_ingot":99,"minecraft:stone_pickaxe":3,"minecraft:iron_sword":2,"minecraft:flowering_azalea":1,"minecraft:acacia_sapling":1,"minecraft:oak_slab":5,"minecraft:pumpkin":6,"minecraft:gravel":1,"minecraft:spruce_sapling":30,"minecraft:white_bed":9,"minecraft:spruce_log":187,"minecraft:spruce_door":6,"minecraft:spider_eye":5,"minecraft:iron_helmet":2,"minecraft:chainmail_leggings":4,"minecraft:diamond_axe":5,"minecraft:brown_banner":12,"minecraft:coal":125,"minecraft:sunflower":12},"minecraft:killed":{"minecraft:cave_spider":2,"minecraft:spider":10,"minecraft:cod":4,"minecraft:skeleton":25,"minecraft:pig":6,"minecraft:zombie_villager":1,"minecraft:iron_golem":6,"minecraft:creeper":5,"minecraft:sheep":16,"minecraft:zombie":30,"minecraft:drowned":3,"minecraft:enderman":1},"minecraft:custom":{"minecraft:interact_with_crafting_table":63,"minecraft:bell_ring":21,"minecraft:leave_game":10,"minecraft:time_since_death":92506,"minecraft:sprint_one_cm":1101044,"minecraft:damage_blocked_by_shield":1265,"minecraft:drop":253,"minecraft:talked_to_villager":118,"minecraft:play_time":363913,"minecraft:deaths":3,"minecraft:jump":7778,"minecraft:interact_with_brewingstand":2,"minecraft:walk_on_water_one_cm":71665,"minecraft:enchant_item":11,"minecraft:interact_with_furnace":82,"minecraft:traded_with_villager":412,"minecraft:sleep_in_bed":9,"minecraft:damage_dealt":25195,"minecraft:player_kills":5,"minecraft:crouch_one_cm":116320,"minecraft:interact_with_smoker":17,"minecraft:horse_one_cm":100131,"minecraft:mob_kills":113,"minecraft:climb_one_cm":4032,"minecraft:walk_one_cm":465406,"minecraft:sneak_time":44229,"minecraft:walk_under_water_one_cm":42512,"minecraft:boat_one_cm":696811,"minecraft:total_world_time":363913,"minecraft:time_since_rest":1691,"minecraft:damage_taken":6761,"minecraft:damage_absorbed":40,"minecraft:swim_one_cm":144292,"minecraft:fly_one_cm":1625849,"minecraft:open_chest":104,"minecraft:fall_one_cm":207774},"minecraft:broken":{"minecraft:stone_shovel":1,"minecraft:stone_sword":1},"minecraft:mined":{"minecraft:spruce_planks":1,"minecraft:white_bed":8,"minecraft:cobblestone_stairs":3,"minecraft:brewing_stand":1,"minecraft:spruce_trapdoor":2,"minecraft:granite":24,"minecraft:acacia_log":473,"minecraft:grass_block":18,"minecraft:composter":2,"minecraft:spawner":4,"minecraft:tall_seagrass":3,"minecraft:iron_ore":35,"minecraft:cobbled_deepslate":35,"minecraft:fire":36,"minecraft:pumpkin":6,"minecraft:fletching_table":2,"minecraft:deepslate_lapis_ore":4,"minecraft:oak_stairs":9,"minecraft:orange_bed":4,"minecraft:deepslate_redstone_ore":24,"minecraft:brown_mushroom":12,"minecraft:red_bed":1,"minecraft:kelp_plant":5,"minecraft:smoker":1,"minecraft:torch":4,"minecraft:cobblestone":61,"minecraft:sugar_cane":39,"minecraft:oak_planks":22,"minecraft:wall_torch":2,"minecraft:birch_log":49,"minecraft:grass":159,"minecraft:oak_log":420,"minecraft:sand":3,"minecraft:dirt":29,"minecraft:red_mushroom_block":1,"minecraft:stonecutter":2,"minecraft:netherrack":1,"minecraft:oak_leaves":33,"minecraft:deepslate":468,"minecraft:tuff":23,"minecraft:mossy_cobblestone":5,"minecraft:deepslate_diamond_ore":22,"minecraft:spruce_leaves":8,"minecraft:kelp":8,"minecraft:hay_block":40,"minecraft:spruce_sapling":1,"minecraft:furnace":5,"minecraft:snow":121,"minecraft:acacia_wood":94,"minecraft:acacia_stairs":1,"minecraft:andesite":3,"minecraft:deepslate_iron_ore":44,"minecraft:rail":4,"minecraft:stripped_oak_log":26,"minecraft:packed_ice":3,"minecraft:stone":173,"minecraft:white_wool":12,"minecraft:light_gray_carpet":1,"minecraft:acacia_leaves":2,"minecraft:glass_pane":3,"minecraft:snow_block":10,"minecraft:spruce_door":1,"minecraft:crafting_table":5,"minecraft:emerald_ore":1,"minecraft:tall_grass":23,"minecraft:deepslate_gold_ore":75,"minecraft:diorite":20,"minecraft:blue_bed":19,"minecraft:birch_planks":2,"minecraft:redstone_torch":1,"minecraft:white_carpet":5,"minecraft:spruce_log":210,"minecraft:yellow_bed":3,"minecraft:coal_ore":61,"minecraft:sunflower":7,"minecraft:gravel":2,"minecraft:cobweb":6,"minecraft:fern":2},"minecraft:dropped":{"minecraft:diamond_axe":3,"minecraft:oak_log":6,"minecraft:brown_banner":12,"minecraft:emerald":104,"minecraft:cobblestone_stairs":3,"minecraft:dirt":6,"minecraft:snowball":3,"minecraft:bone_meal":2,"minecraft:acacia_door":4,"minecraft:white_wool":12,"minecraft:oak_door":3,"minecraft:stone_axe":4,"minecraft:sugar_cane":14,"minecraft:iron_nugget":8,"minecraft:golden_chestplate":1,"minecraft:cobbled_deepslate":76,"minecraft:rotten_flesh":18,"minecraft:oak_planks":260,"minecraft:light_gray_carpet":1,"minecraft:cooked_mutton":2,"minecraft:white_bed":2,"minecraft:acacia_stairs":1,"minecraft:poppy":7,"minecraft:gunpowder":1,"minecraft:arrow":3,"minecraft:oak_leaves":4,"minecraft:iron_ingot":21,"minecraft:bread":349,"minecraft:oak_slab":5,"minecraft:wheat_seeds":26,"minecraft:mossy_cobblestone":3,"minecraft:diamond_leggings":4,"minecraft:cobblestone":28,"minecraft:iron_helmet":2,"minecraft:feather":1,"minecraft:granite":1,"minecraft:coal":5,"minecraft:stick":14,"minecraft:brewing_stand":1,"minecraft:torch":6,"minecraft:wooden_hoe":1,"minecraft:diamond_helmet":4,"minecraft:iron_leggings":1,"minecraft:oak_stairs":8,"minecraft:flowering_azalea":1,"minecraft:pumpkin":5,"minecraft:chainmail_leggings":8,"minecraft:acacia_planks":1,"minecraft:kelp":15,"minecraft:oak_trapdoor":1,"minecraft:stone_sword":1,"minecraft:raw_copper":15,"minecraft:tuff":21,"minecraft:raw_iron":6,"minecraft:white_carpet":3,"minecraft:iron_boots":2,"minecraft:stripped_oak_log":16,"minecraft:shears":1,"minecraft:big_dripleaf":4,"minecraft:hay_block":25,"minecraft:shield":9,"minecraft:diamond_chestplate":5,"minecraft:spruce_planks":8,"minecraft:iron_chestplate":3,"minecraft:diamond_pickaxe":1,"minecraft:oak_sapling":3,"minecraft:spider_eye":1,"minecraft:diamond_boots":4,"minecraft:bow":1,"minecraft:stone_pickaxe":6},"minecraft:crafted":{"minecraft:oak_planks":2096,"minecraft:smooth_stone":3,"minecraft:stone":3,"minecraft:cooked_mutton":6,"minecraft:cake":7,"minecraft:diamond_helmet":6,"minecraft:diamond_leggings":5,"minecraft:iron_boots":2,"minecraft:chest":14,"minecraft:smoker":1,"minecraft:oak_slab":12,"minecraft:emerald":307,"minecraft:cooked_porkchop":12,"minecraft:diamond_axe":3,"minecraft:crafting_table":17,"minecraft:spruce_planks":732,"minecraft:wooden_pickaxe":1,"minecraft:iron_helmet":3,"minecraft:spruce_door":3,"minecraft:copper_ingot":6,"minecraft:birch_planks":220,"minecraft:spruce_trapdoor":4,"minecraft:wooden_hoe":1,"minecraft:iron_chestplate":4,"minecraft:diamond_pickaxe":1,"minecraft:shield":9,"minecraft:stick":9229,"minecraft:iron_ingot":97,"minecraft:iron_pickaxe":2,"minecraft:stone_sword":2,"minecraft:snow_block":22,"minecraft:gold_ingot":9,"minecraft:redstone_torch":1,"minecraft:composter":1,"minecraft:shears":1,"minecraft:golden_carrot":72,"minecraft:oak_door":3,"minecraft:stone_shovel":1,"minecraft:spyglass":1,"minecraft:furnace":5,"minecraft:blast_furnace":1,"minecraft:bone_meal":54,"minecraft:flint_and_steel":1,"minecraft:iron_axe":1,"minecraft:stone_pickaxe":2,"minecraft:diamond_boots":6,"minecraft:spruce_boat":2,"minecraft:chainmail_leggings":4,"minecraft:wheat":342,"minecraft:cooked_beef":9,"minecraft:bucket":1,"minecraft:stone_axe":2,"minecraft:bread":360,"minecraft:air":0,"minecraft:oak_boat":2,"minecraft:white_wool":3,"minecraft:iron_leggings":4,"minecraft:white_bed":5,"minecraft:acacia_planks":2236,"minecraft:torch":188,"minecraft:diamond_chestplate":6},"minecraft:killed_by":{"minecraft:creeper":1,"minecraft:drowned":1,"minecraft:iron_golem":1}},"DataVersion":2975}