{"stats":{"minecraft:mined":{"minecraft:large_amethyst_bud":2,"minecraft:tuff":1,"minecraft:white_bed":2,"minecraft:deepslate_diamond_ore":2,"minecraft:oak_door":5,"minecraft:brewing_stand":1,"minecraft:cave_vines_plant":9,"minecraft:granite":5,"minecraft:grass_block":156,"minecraft:spruce_leaves":25,"minecraft:moss_block":6,"minecraft:nether_wart":40,"minecraft:furnace":7,"minecraft:iron_ore":13,"minecraft:fire":3,"minecraft:cobbled_deepslate":77,"minecraft:snow":364,"minecraft:andesite":1,"minecraft:pumpkin":2,"minecraft:dirt_path":1,"minecraft:rail":1,"minecraft:cave_vines":15,"minecraft:deepslate_iron_ore":25,"minecraft:oak_stairs":12,"minecraft:potted_spruce_sapling":2,"minecraft:azalea":2,"minecraft:stone":94,"minecraft:deepslate_redstone_ore":7,"minecraft:glass_pane":1,"minecraft:smoker":1,"minecraft:amethyst_cluster":3,"minecraft:clay":1,"minecraft:oak_fence":9,"minecraft:crafting_table":11,"minecraft:torch":43,"minecraft:chest":1,"minecraft:copper_ore":1,"minecraft:tall_grass":9,"minecraft:cobblestone":30,"minecraft:deepslate_gold_ore":2,"minecraft:lapis_ore":6,"minecraft:oak_planks":219,"minecraft:grindstone":2,"minecraft:sugar_cane":3,"minecraft:blue_bed":1,"minecraft:wall_torch":4,"minecraft:big_dripleaf":1,"minecraft:amethyst_block":1,"minecraft:wheat":1,"minecraft:spruce_log":60,"minecraft:grass":124,"minecraft:oak_log":84,"minecraft:coal_ore":59,"minecraft:dirt":35,"minecraft:sunflower":13,"minecraft:flower_pot":2,"minecraft:sand":95,"minecraft:cobweb":1,"minecraft:small_dripleaf":1,"minecraft:netherrack":7,"minecraft:gold_ore":8,"minecraft:oak_leaves":18,"minecraft:deepslate":35,"minecraft:fern":3},"minecraft:killed_by":{"minecraft:wither_skeleton":2,"minecraft:creeper":3,"minecraft:spider":1,"minecraft:blaze":2,"minecraft:zombie":1},"minecraft:dropped":{"minecraft:iron_ingot":4,"minecraft:bread":45,"minecraft:oak_slab":7,"minecraft:moss_block":3,"minecraft:wheat_seeds":13,"minecraft:glow_berries":2,"minecraft:amethyst_block":1,"minecraft:leather":1,"minecraft:coal":1,"minecraft:stick":3,"minecraft:dirt":4,"minecraft:torch":18,"minecraft:oak_stairs":1,"minecraft:sunflower":3,"minecraft:flowering_azalea":1,"minecraft:chainmail_leggings":1,"minecraft:string":2,"minecraft:white_wool":7,"minecraft:oak_door":3,"minecraft:moss_carpet":2,"minecraft:nether_wart":24,"minecraft:blaze_rod":3,"minecraft:cobbled_deepslate":11,"minecraft:tuff":4,"minecraft:rotten_flesh":3,"minecraft:oak_planks":12,"minecraft:iron_boots":1,"minecraft:big_dripleaf":2,"minecraft:diamond_sword":2,"minecraft:poppy":1,"minecraft:iron_chestplate":1,"minecraft:spider_eye":1,"minecraft:bow":2,"minecraft:wooden_pickaxe":1,"minecraft:splash_potion":2},"minecraft:picked_up":{"minecraft:iron_chestplate":10,"minecraft:crafting_table":10,"minecraft:clay_ball":180,"minecraft:ladder":5,"minecraft:splash_potion":1,"minecraft:nether_wart":60,"minecraft:flower_pot":4,"minecraft:leather_leggings":1,"minecraft:diamond_sword":10,"minecraft:oak_stairs":8,"minecraft:brewing_stand":1,"minecraft:amethyst_block":11,"minecraft:string":19,"minecraft:moss_carpet":8,"minecraft:raw_copper":72,"minecraft:iron_axe":3,"minecraft:flint_and_steel":3,"minecraft:iron_leggings":8,"minecraft:white_carpet":4,"minecraft:iron_shovel":1,"minecraft:diamond_leggings":1,"minecraft:cobbled_deepslate":475,"minecraft:bucket":4,"minecraft:spruce_planks":28,"minecraft:beef":2,"minecraft:azalea":4,"minecraft:poppy":3,"minecraft:iron_pickaxe":4,"minecraft:sugar_cane":8,"minecraft:chest":1,"minecraft:iron_boots":9,"minecraft:furnace":6,"minecraft:stick":8,"minecraft:raw_iron":53,"minecraft:oak_door":5,"minecraft:big_dripleaf":8,"minecraft:oak_fence":10,"minecraft:torch":57,"minecraft:porkchop":19,"minecraft:redstone":66,"minecraft:stone_sword":1,"minecraft:stone_shovel":4,"minecraft:arrow":14,"minecraft:rotten_flesh":37,"minecraft:diamond_chestplate":1,"minecraft:tropical_fish":9,"minecraft:diamond_boots":1,"minecraft:carved_pumpkin":1,"minecraft:blaze_rod":11,"minecraft:glow_berries":48,"minecraft:mutton":15,"minecraft:rail":1,"minecraft:snowball":385,"minecraft:white_wool":10,"minecraft:cobblestone":228,"minecraft:glow_ink_sac":8,"minecraft:water_bucket":4,"minecraft:andesite":1,"minecraft:leather":1,"minecraft:smoker":1,"minecraft:tuff":4,"minecraft:oak_log":202,"minecraft:gunpowder":11,"minecraft:lapis_lazuli":377,"minecraft:blue_bed":2,"minecraft:dirt":450,"minecraft:cooked_mutton":18,"minecraft:bone":13,"minecraft:bow":2,"minecraft:wheat_seeds":24,"minecraft:raw_gold":20,"minecraft:grindstone":2,"minecraft:iron_ingot":67,"minecraft:stone_pickaxe":8,"minecraft:diamond_helmet":1,"minecraft:moss_block":9,"minecraft:oak_planks":352,"minecraft:flowering_azalea":1,"minecraft:oak_slab":7,"minecraft:cooked_porkchop":68,"minecraft:pumpkin":5,"minecraft:sweet_berries":2,"minecraft:axolotl_bucket":4,"minecraft:gravel":1,"minecraft:sand":92,"minecraft:amethyst_shard":24,"minecraft:spruce_sapling":4,"minecraft:white_bed":2,"minecraft:spruce_log":74,"minecraft:spruce_door":1,"minecraft:spider_eye":1,"minecraft:pumpkin_seeds":8,"minecraft:diamond":11,"minecraft:stone_axe":4,"minecraft:chainmail_leggings":1,"minecraft:iron_helmet":9,"minecraft:granite":15,"minecraft:bread":227,"minecraft:oak_sapling":13,"minecraft:light_gray_carpet":2,"minecraft:netherrack":134,"minecraft:coal":60,"minecraft:sunflower":11,"minecraft:diamond_pickaxe":3},"minecraft:used":{"minecraft:azalea":4,"minecraft:oak_fence":37,"minecraft:moss_carpet":3,"minecraft:moss_block":4,"minecraft:stone_sword":7,"minecraft:iron_shovel":23,"minecraft:flint_and_steel":3,"minecraft:tropical_fish":1,"minecraft:stone_shovel":678,"minecraft:chest":4,"minecraft:spruce_planks":3,"minecraft:oak_door":2,"minecraft:iron_chestplate":3,"minecraft:torch":40,"minecraft:brewing_stand":1,"minecraft:dirt":43,"minecraft:axolotl_bucket":7,"minecraft:snowball":190,"minecraft:glass":20,"minecraft:wooden_axe":39,"minecraft:iron_axe":259,"minecraft:oak_stairs":41,"minecraft:iron_helmet":2,"minecraft:iron_boots":3,"minecraft:sweet_berries":2,"minecraft:furnace":7,"minecraft:cobbled_deepslate":183,"minecraft:iron_leggings":3,"minecraft:wheat_seeds":1,"minecraft:cooked_mutton":6,"minecraft:water_bucket":9,"minecraft:amethyst_block":2,"minecraft:oak_planks":404,"minecraft:stone_pickaxe":107,"minecraft:wooden_pickaxe":3,"minecraft:cauldron":1,"minecraft:blue_bed":1,"minecraft:stonecutter":1,"minecraft:glow_berries":48,"minecraft:rail":1,"minecraft:crafting_table":12,"minecraft:white_bed":3,"minecraft:spruce_log":22,"minecraft:smoker":2,"minecraft:oak_log":1,"minecraft:flower_pot":5,"minecraft:diamond_pickaxe":50,"minecraft:sunflower":2,"minecraft:bread":48,"minecraft:iron_pickaxe":255,"minecraft:stone_axe":102,"minecraft:diamond_sword":349,"minecraft:cobblestone":88,"minecraft:porkchop":2,"minecraft:grindstone":2,"minecraft:cooked_porkchop":14,"minecraft:bucket":18,"minecraft:glass_pane":26,"minecraft:bone_meal":11,"minecraft:splash_potion":1},"minecraft:custom":{"minecraft:mob_kills":59,"minecraft:interact_with_crafting_table":60,"minecraft:fill_cauldron":1,"minecraft:eat_cake_slice":3,"minecraft:leave_game":9,"minecraft:time_since_death":104905,"minecraft:climb_one_cm":5187,"minecraft:sprint_one_cm":695556,"minecraft:walk_one_cm":1005765,"minecraft:drop":128,"minecraft:talked_to_villager":3,"minecraft:play_time":333966,"minecraft:sneak_time":8702,"minecraft:deaths":10,"minecraft:walk_under_water_one_cm":6117,"minecraft:jump":5191,"minecraft:interact_with_brewingstand":3,"minecraft:walk_on_water_one_cm":44480,"minecraft:enchant_item":4,"minecraft:total_world_time":333966,"minecraft:interact_with_furnace":45,"minecraft:pot_flower":3,"minecraft:interact_with_grindstone":2,"minecraft:sleep_in_bed":5,"minecraft:time_since_rest":104968,"minecraft:damage_taken":5965,"minecraft:damage_dealt":10391,"minecraft:swim_one_cm":13127,"minecraft:fly_one_cm":894050,"minecraft:open_chest":98,"minecraft:crouch_one_cm":32868,"minecraft:interact_with_smoker":9,"minecraft:fall_one_cm":129765,"minecraft:horse_one_cm":2809},"minecraft:crafted":{"minecraft:oak_planks":312,"minecraft:stone_shovel":5,"minecraft:furnace":4,"minecraft:cooked_mutton":15,"minecraft:glass_pane":32,"minecraft:glass":90,"minecraft:iron_boots":1,"minecraft:iron_axe":2,"minecraft:stone_pickaxe":1,"minecraft:chest":3,"minecraft:oak_fence":30,"minecraft:smoker":1,"minecraft:diamond_sword":1,"minecraft:cooked_porkchop":17,"minecraft:crafting_table":4,"minecraft:spruce_planks":108,"minecraft:iron_helmet":1,"minecraft:wooden_pickaxe":2,"minecraft:bucket":2,"minecraft:air":0,"minecraft:iron_chestplate":1,"minecraft:diamond_pickaxe":1,"minecraft:stick":44,"minecraft:iron_ingot":36,"minecraft:wooden_axe":1,"minecraft:snow_block":2,"minecraft:iron_shovel":1,"minecraft:iron_leggings":1,"minecraft:white_bed":1,"minecraft:shears":1},"minecraft:broken":{"minecraft:iron_axe":1,"minecraft:stone_axe":1,"minecraft:iron_pickaxe":1,"minecraft:stone_shovel":4},"minecraft:killed":{"minecraft:spider":5,"minecraft:skeleton":8,"minecraft:horse":1,"minecraft:snow_golem":1,"minecraft:pig":10,"minecraft:creeper":1,"minecraft:sheep":10,"minecraft:zombie":14,"minecraft:blaze":8}},"DataVersion":2975}