{"stats":{"minecraft:mined":{"minecraft:large_amethyst_bud":2,"minecraft:tuff":1,"minecraft:white_bed":3,"minecraft:deepslate_diamond_ore":2,"minecraft:oak_door":5,"minecraft:brewing_stand":1,"minecraft:cave_vines_plant":9,"minecraft:granite":18,"minecraft:grass_block":158,"minecraft:spruce_leaves":25,"minecraft:moss_block":6,"minecraft:nether_wart":40,"minecraft:furnace":7,"minecraft:iron_ore":24,"minecraft:fire":3,"minecraft:cobbled_deepslate":77,"minecraft:snow":364,"minecraft:andesite":25,"minecraft:pumpkin":2,"minecraft:dirt_path":1,"minecraft:rail":1,"minecraft:cave_vines":15,"minecraft:deepslate_iron_ore":25,"minecraft:oak_stairs":12,"minecraft:potted_spruce_sapling":2,"minecraft:azalea":2,"minecraft:stone":214,"minecraft:deepslate_redstone_ore":7,"minecraft:glass_pane":1,"minecraft:smoker":1,"minecraft:amethyst_cluster":3,"minecraft:clay":1,"minecraft:oak_fence":9,"minecraft:crafting_table":15,"minecraft:torch":44,"minecraft:chest":1,"minecraft:copper_ore":1,"minecraft:tall_grass":10,"minecraft:cobblestone":35,"minecraft:diorite":2,"minecraft:deepslate_gold_ore":12,"minecraft:lapis_ore":6,"minecraft:oak_planks":284,"minecraft:grindstone":2,"minecraft:sugar_cane":3,"minecraft:blue_bed":2,"minecraft:wall_torch":8,"minecraft:big_dripleaf":1,"minecraft:amethyst_block":1,"minecraft:wheat":14,"minecraft:spruce_log":60,"minecraft:grass":144,"minecraft:oak_log":85,"minecraft:coal_ore":72,"minecraft:gravel":16,"minecraft:dirt":41,"minecraft:sunflower":16,"minecraft:flower_pot":2,"minecraft:sand":95,"minecraft:cobweb":1,"minecraft:small_dripleaf":1,"minecraft:netherrack":7,"minecraft:gold_ore":8,"minecraft:oak_leaves":19,"minecraft:deepslate":101,"minecraft:fern":3},"minecraft:killed_by":{"minecraft:wither_skeleton":2,"minecraft:creeper":3,"minecraft:spider":1,"minecraft:blaze":2,"minecraft:zombie":1},"minecraft:dropped":{"minecraft:iron_ingot":4,"minecraft:bread":45,"minecraft:oak_slab":7,"minecraft:moss_block":3,"minecraft:wheat_seeds":15,"minecraft:glow_berries":2,"minecraft:amethyst_block":1,"minecraft:leather":1,"minecraft:coal":1,"minecraft:stick":3,"minecraft:dirt":14,"minecraft:torch":18,"minecraft:oak_stairs":1,"minecraft:sunflower":4,"minecraft:flowering_azalea":1,"minecraft:iron_shovel":1,"minecraft:chainmail_leggings":1,"minecraft:string":2,"minecraft:white_wool":7,"minecraft:bone":2,"minecraft:oak_door":3,"minecraft:moss_carpet":2,"minecraft:nether_wart":24,"minecraft:blaze_rod":3,"minecraft:cobbled_deepslate":11,"minecraft:tuff":4,"minecraft:rotten_flesh":3,"minecraft:oak_planks":12,"minecraft:iron_boots":1,"minecraft:big_dripleaf":2,"minecraft:diamond_sword":2,"minecraft:poppy":1,"minecraft:iron_chestplate":1,"minecraft:spider_eye":1,"minecraft:bow":2,"minecraft:wooden_pickaxe":1,"minecraft:splash_potion":2},"minecraft:picked_up":{"minecraft:iron_chestplate":10,"minecraft:crafting_table":14,"minecraft:clay_ball":180,"minecraft:ladder":5,"minecraft:splash_potion":1,"minecraft:nether_wart":60,"minecraft:flower_pot":4,"minecraft:leather_leggings":1,"minecraft:diamond_sword":10,"minecraft:oak_stairs":8,"minecraft:brewing_stand":1,"minecraft:amethyst_block":11,"minecraft:string":24,"minecraft:moss_carpet":8,"minecraft:raw_copper":72,"minecraft:iron_axe":3,"minecraft:flint_and_steel":3,"minecraft:iron_leggings":8,"minecraft:white_carpet":4,"minecraft:iron_shovel":1,"minecraft:diamond_leggings":1,"minecraft:cobbled_deepslate":541,"minecraft:bucket":4,"minecraft:spruce_planks":28,"minecraft:beef":2,"minecraft:oak_boat":2,"minecraft:azalea":4,"minecraft:poppy":3,"minecraft:iron_pickaxe":4,"minecraft:sugar_cane":8,"minecraft:chest":1,"minecraft:phantom_membrane":2,"minecraft:iron_boots":9,"minecraft:furnace":6,"minecraft:stick":8,"minecraft:raw_iron":64,"minecraft:oak_door":5,"minecraft:big_dripleaf":8,"minecraft:oak_fence":10,"minecraft:torch":63,"minecraft:porkchop":19,"minecraft:diorite":2,"minecraft:redstone":66,"minecraft:stone_sword":1,"minecraft:stone_shovel":4,"minecraft:arrow":25,"minecraft:rotten_flesh":49,"minecraft:diamond_chestplate":1,"minecraft:tropical_fish":9,"minecraft:diamond_boots":1,"minecraft:carved_pumpkin":1,"minecraft:blaze_rod":11,"minecraft:glow_berries":48,"minecraft:mutton":15,"minecraft:rail":1,"minecraft:snowball":385,"minecraft:white_wool":10,"minecraft:cobblestone":353,"minecraft:glow_ink_sac":8,"minecraft:water_bucket":4,"minecraft:andesite":25,"minecraft:leather":1,"minecraft:smoker":1,"minecraft:tuff":4,"minecraft:oak_log":203,"minecraft:gunpowder":13,"minecraft:lapis_lazuli":377,"minecraft:blue_bed":3,"minecraft:dirt":480,"minecraft:cooked_mutton":18,"minecraft:bone":28,"minecraft:bow":2,"minecraft:wheat_seeds":59,"minecraft:raw_gold":30,"minecraft:grindstone":2,"minecraft:iron_ingot":67,"minecraft:stone_pickaxe":8,"minecraft:diamond_helmet":1,"minecraft:moss_block":9,"minecraft:oak_planks":416,"minecraft:flowering_azalea":1,"minecraft:oak_slab":7,"minecraft:cooked_porkchop":68,"minecraft:pumpkin":5,"minecraft:sweet_berries":2,"minecraft:axolotl_bucket":4,"minecraft:gravel":17,"minecraft:sand":92,"minecraft:amethyst_shard":24,"minecraft:spruce_sapling":4,"minecraft:white_bed":2,"minecraft:spruce_log":74,"minecraft:spruce_door":1,"minecraft:spider_eye":1,"minecraft:pumpkin_seeds":8,"minecraft:diamond":11,"minecraft:stone_axe":4,"minecraft:chainmail_leggings":1,"minecraft:iron_helmet":9,"minecraft:granite":28,"minecraft:seagrass":4,"minecraft:wheat":11,"minecraft:bread":247,"minecraft:oak_sapling":17,"minecraft:light_gray_carpet":2,"minecraft:netherrack":134,"minecraft:coal":74,"minecraft:sunflower":14,"minecraft:diamond_pickaxe":3},"minecraft:used":{"minecraft:azalea":4,"minecraft:oak_fence":37,"minecraft:moss_carpet":3,"minecraft:moss_block":4,"minecraft:stone_sword":7,"minecraft:iron_shovel":36,"minecraft:flint_and_steel":3,"minecraft:tropical_fish":1,"minecraft:stone_shovel":678,"minecraft:chest":4,"minecraft:spruce_planks":3,"minecraft:oak_door":2,"minecraft:iron_chestplate":3,"minecraft:torch":91,"minecraft:brewing_stand":1,"minecraft:dirt":63,"minecraft:axolotl_bucket":7,"minecraft:snowball":190,"minecraft:glass":20,"minecraft:wooden_axe":39,"minecraft:iron_axe":332,"minecraft:oak_stairs":41,"minecraft:iron_helmet":2,"minecraft:iron_boots":3,"minecraft:sweet_berries":2,"minecraft:furnace":7,"minecraft:cobbled_deepslate":183,"minecraft:iron_leggings":3,"minecraft:wheat_seeds":14,"minecraft:cooked_mutton":6,"minecraft:water_bucket":9,"minecraft:amethyst_block":2,"minecraft:oak_planks":404,"minecraft:stone_pickaxe":107,"minecraft:wooden_pickaxe":3,"minecraft:cauldron":1,"minecraft:blue_bed":2,"minecraft:stonecutter":1,"minecraft:glow_berries":48,"minecraft:rail":1,"minecraft:crafting_table":16,"minecraft:white_bed":3,"minecraft:spruce_log":23,"minecraft:smoker":2,"minecraft:oak_log":1,"minecraft:flower_pot":5,"minecraft:diamond_pickaxe":323,"minecraft:sunflower":2,"minecraft:bread":68,"minecraft:iron_pickaxe":255,"minecraft:gravel":1,"minecraft:stone_axe":102,"minecraft:diamond_sword":538,"minecraft:cobblestone":260,"minecraft:porkchop":2,"minecraft:grindstone":2,"minecraft:cooked_porkchop":14,"minecraft:bucket":18,"minecraft:oak_boat":2,"minecraft:glass_pane":26,"minecraft:bone_meal":25,"minecraft:splash_potion":1},"minecraft:custom":{"minecraft:mob_kills":98,"minecraft:interact_with_crafting_table":65,"minecraft:fill_cauldron":1,"minecraft:eat_cake_slice":3,"minecraft:leave_game":10,"minecraft:time_since_death":161932,"minecraft:climb_one_cm":5187,"minecraft:sprint_one_cm":818010,"minecraft:walk_one_cm":1170723,"minecraft:drop":142,"minecraft:talked_to_villager":15,"minecraft:play_time":390993,"minecraft:sneak_time":8899,"minecraft:deaths":10,"minecraft:walk_under_water_one_cm":15391,"minecraft:boat_one_cm":60741,"minecraft:jump":6152,"minecraft:interact_with_brewingstand":3,"minecraft:walk_on_water_one_cm":69345,"minecraft:enchant_item":4,"minecraft:total_world_time":390993,"minecraft:interact_with_furnace":46,"minecraft:pot_flower":3,"minecraft:interact_with_grindstone":2,"minecraft:sleep_in_bed":6,"minecraft:time_since_rest":26967,"minecraft:damage_taken":6708,"minecraft:damage_dealt":17955,"minecraft:swim_one_cm":27147,"minecraft:fly_one_cm":1066840,"minecraft:open_chest":112,"minecraft:crouch_one_cm":33273,"minecraft:interact_with_smoker":10,"minecraft:fall_one_cm":148066,"minecraft:horse_one_cm":2809},"minecraft:crafted":{"minecraft:oak_planks":312,"minecraft:stone_shovel":5,"minecraft:furnace":4,"minecraft:cooked_mutton":15,"minecraft:glass_pane":32,"minecraft:glass":90,"minecraft:iron_boots":1,"minecraft:iron_axe":2,"minecraft:stone_pickaxe":1,"minecraft:chest":3,"minecraft:oak_fence":30,"minecraft:smoker":1,"minecraft:diamond_sword":1,"minecraft:cooked_porkchop":17,"minecraft:crafting_table":5,"minecraft:spruce_planks":108,"minecraft:iron_helmet":1,"minecraft:wooden_pickaxe":2,"minecraft:bucket":2,"minecraft:bread":3,"minecraft:air":0,"minecraft:oak_boat":1,"minecraft:iron_chestplate":1,"minecraft:diamond_pickaxe":1,"minecraft:stick":56,"minecraft:iron_ingot":36,"minecraft:wooden_axe":1,"minecraft:snow_block":2,"minecraft:iron_shovel":2,"minecraft:iron_leggings":1,"minecraft:white_bed":1,"minecraft:torch":40,"minecraft:shears":1},"minecraft:broken":{"minecraft:iron_axe":1,"minecraft:stone_axe":1,"minecraft:iron_pickaxe":1,"minecraft:stone_shovel":4},"minecraft:killed":{"minecraft:spider":9,"minecraft:phantom":2,"minecraft:skeleton":19,"minecraft:horse":1,"minecraft:snow_golem":1,"minecraft:turtle":3,"minecraft:pig":11,"minecraft:zombie_villager":1,"minecraft:creeper":3,"minecraft:sheep":12,"minecraft:zombie":25,"minecraft:cow":2,"minecraft:blaze":8}},"DataVersion":2975}