{"stats":{"minecraft:picked_up":{"minecraft:wooden_axe":4,"minecraft:charcoal":1,"minecraft:crafting_table":3,"minecraft:leather_leggings":1,"minecraft:diamond_sword":2,"minecraft:wooden_pickaxe":3,"minecraft:shield":1,"minecraft:string":11,"minecraft:raw_copper":70,"minecraft:white_carpet":1,"minecraft:iron_shovel":2,"minecraft:diamond_leggings":1,"minecraft:cobbled_deepslate":389,"minecraft:spruce_planks":127,"minecraft:beef":2,"minecraft:poppy":12,"minecraft:iron_pickaxe":1,"minecraft:sugar_cane":9,"minecraft:birch_sapling":2,"minecraft:furnace":6,"minecraft:egg":2,"minecraft:stick":12,"minecraft:raw_iron":35,"minecraft:sandstone":3,"minecraft:torch":2,"minecraft:acacia_log":3,"minecraft:porkchop":24,"minecraft:diorite":2,"minecraft:golden_chestplate":1,"minecraft:diamond_chestplate":1,"minecraft:stone_sword":2,"minecraft:arrow":11,"minecraft:rotten_flesh":5,"minecraft:tropical_fish":2,"minecraft:diamond_boots":1,"minecraft:blaze_rod":9,"minecraft:mutton":7,"minecraft:white_wool":5,"minecraft:cobblestone":245,"minecraft:enchanting_table":2,"minecraft:feather":6,"minecraft:andesite":11,"minecraft:gunpowder":3,"minecraft:lapis_lazuli":132,"minecraft:dirt":71,"minecraft:name_tag":2,"minecraft:bone":10,"minecraft:acacia_planks":19,"minecraft:kelp":52,"minecraft:bow":2,"minecraft:wheat_seeds":13,"minecraft:raw_gold":6,"minecraft:iron_ingot":3,"minecraft:diamond_helmet":1,"minecraft:acacia_sapling":2,"minecraft:oak_planks":66,"minecraft:cooked_porkchop":3,"minecraft:spruce_sapling":4,"minecraft:white_bed":1,"minecraft:spruce_log":28,"minecraft:spider_eye":4,"minecraft:pumpkin_seeds":4,"minecraft:diamond":137,"minecraft:stone_axe":1,"minecraft:granite":1,"minecraft:diamond_axe":1,"minecraft:gray_wool":1,"minecraft:light_gray_carpet":1,"minecraft:coal":103,"minecraft:diamond_pickaxe":1,"minecraft:sunflower":7},"minecraft:killed":{"minecraft:witch":1,"minecraft:spider":5,"minecraft:skeleton":7,"minecraft:chicken":1,"minecraft:pig":6,"minecraft:iron_golem":2,"minecraft:sheep":3,"minecraft:zombie":5},"minecraft:crafted":{"minecraft:fishing_rod":1,"minecraft:furnace":2,"minecraft:cooked_mutton":5,"minecraft:diamond_helmet":1,"minecraft:diamond_leggings":1,"minecraft:stone_pickaxe":4,"minecraft:diamond_boots":1,"minecraft:cooked_beef":2,"minecraft:diamond_sword":1,"minecraft:cooked_porkchop":17,"minecraft:diamond_axe":1,"minecraft:crafting_table":4,"minecraft:spruce_planks":108,"minecraft:wooden_pickaxe":1,"minecraft:bucket":1,"minecraft:brewing_stand":1,"minecraft:air":0,"minecraft:charcoal":1,"minecraft:diamond_pickaxe":1,"minecraft:shield":1,"minecraft:stick":40,"minecraft:iron_ingot":16,"minecraft:iron_pickaxe":2,"minecraft:wooden_axe":1,"minecraft:acacia_planks":12,"minecraft:torch":64,"minecraft:diamond_chestplate":1},"minecraft:killed_by":{"minecraft:iron_golem":1,"minecraft:zombie":1},"minecraft:custom":{"minecraft:interact_with_smithing_table":1,"minecraft:mob_kills":30,"minecraft:interact_with_crafting_table":11,"minecraft:leave_game":4,"minecraft:time_since_death":34452,"minecraft:sprint_one_cm":210794,"minecraft:walk_one_cm":237693,"minecraft:damage_blocked_by_shield":260,"minecraft:drop":91,"minecraft:play_time":129829,"minecraft:deaths":2,"minecraft:sneak_time":842,"minecraft:walk_under_water_one_cm":2623,"minecraft:jump":2234,"minecraft:walk_on_water_one_cm":7051,"minecraft:total_world_time":129829,"minecraft:interact_with_furnace":29,"minecraft:time_since_rest":34487,"minecraft:damage_taken":1938,"minecraft:damage_dealt":6162,"minecraft:swim_one_cm":8929,"minecraft:fly_one_cm":386526,"minecraft:open_chest":32,"minecraft:crouch_one_cm":2124,"minecraft:fall_one_cm":69111},"minecraft:mined":{"minecraft:tuff":48,"minecraft:white_bed":1,"minecraft:deepslate_diamond_ore":64,"minecraft:granite":1,"minecraft:acacia_log":3,"minecraft:grass_block":7,"minecraft:spruce_leaves":8,"minecraft:sandstone":5,"minecraft:furnace":6,"minecraft:iron_ore":12,"minecraft:cobbled_deepslate":1,"minecraft:andesite":11,"minecraft:deepslate_lapis_ore":5,"minecraft:enchanting_table":2,"minecraft:deepslate_iron_ore":23,"minecraft:stone":176,"minecraft:glass_pane":1,"minecraft:crafting_table":2,"minecraft:torch":1,"minecraft:tall_grass":8,"minecraft:copper_ore":5,"minecraft:cobblestone":4,"minecraft:deepslate_gold_ore":6,"minecraft:sugar_cane":9,"minecraft:oak_planks":3,"minecraft:wall_torch":1,"minecraft:spruce_log":28,"minecraft:grass":20,"minecraft:coal_ore":73,"minecraft:sunflower":10,"minecraft:gravel":2,"minecraft:sand":3,"minecraft:dirt":18,"minecraft:deepslate":443},"minecraft:used":{"minecraft:iron_shovel":1,"minecraft:flint_and_steel":4,"minecraft:spruce_planks":9,"minecraft:shield":9,"minecraft:rotten_flesh":1,"minecraft:torch":25,"minecraft:dirt":7,"minecraft:wooden_axe":13,"minecraft:furnace":6,"minecraft:cobbled_deepslate":48,"minecraft:cooked_mutton":5,"minecraft:water_bucket":4,"minecraft:diamond_boots":1,"minecraft:stone_pickaxe":524,"minecraft:oak_planks":7,"minecraft:wooden_pickaxe":59,"minecraft:diamond_axe":10,"minecraft:crafting_table":6,"minecraft:diamond_pickaxe":19,"minecraft:iron_pickaxe":310,"minecraft:stone_axe":32,"minecraft:diamond_sword":114,"minecraft:cobblestone":24,"minecraft:cooked_porkchop":14,"minecraft:bucket":6,"minecraft:diamond_leggings":1},"minecraft:broken":{"minecraft:flint_and_steel":1,"minecraft:wooden_pickaxe":1,"minecraft:stone_pickaxe":4,"minecraft:iron_pickaxe":1},"minecraft:dropped":{"minecraft:wheat_seeds":6,"minecraft:diamond":44,"minecraft:feather":4,"minecraft:cobblestone":36,"minecraft:granite":1,"minecraft:tropical_fish":2,"minecraft:dirt":64,"minecraft:gray_wool":1,"minecraft:diorite":2,"minecraft:wooden_axe":3,"minecraft:sunflower":7,"minecraft:iron_shovel":2,"minecraft:string":6,"minecraft:white_wool":3,"minecraft:acacia_planks":3,"minecraft:stone_axe":1,"minecraft:kelp":52,"minecraft:cobbled_deepslate":3,"minecraft:stone_sword":2,"minecraft:raw_copper":52,"minecraft:birch_sapling":2,"minecraft:white_carpet":1,"minecraft:rotten_flesh":4,"minecraft:oak_planks":2,"minecraft:light_gray_carpet":1,"minecraft:name_tag":1,"minecraft:pumpkin_seeds":4,"minecraft:diamond_sword":1,"minecraft:poppy":12,"minecraft:gunpowder":3,"minecraft:acacia_sapling":2,"minecraft:leather_leggings":1,"minecraft:spider_eye":4,"minecraft:bow":1,"minecraft:sandstone":2,"minecraft:wooden_pickaxe":3,"minecraft:beef":1,"minecraft:arrow":2,"minecraft:enchanting_table":1,"minecraft:egg":2}},"DataVersion":2975}