{"stats":{"minecraft:mined":{"minecraft:granite":11,"minecraft:acacia_log":40,"minecraft:grass_block":375,"minecraft:redstone_ore":2,"minecraft:iron_ore":41,"minecraft:fire":2,"minecraft:cobbled_deepslate":9,"minecraft:andesite":22,"minecraft:gold_block":1,"minecraft:deepslate_iron_ore":8,"minecraft:stone":170,"minecraft:cake":7,"minecraft:tripwire":2,"minecraft:podzol":1,"minecraft:deepslate_redstone_ore":6,"minecraft:acacia_leaves":1,"minecraft:crafting_table":2,"minecraft:torch":3,"minecraft:chest":2,"minecraft:tall_grass":22,"minecraft:copper_ore":98,"minecraft:cobblestone":19,"minecraft:oak_planks":1,"minecraft:lapis_ore":5,"minecraft:diorite":11,"minecraft:blue_bed":3,"minecraft:wall_torch":2,"minecraft:birch_log":7,"minecraft:wheat":57,"minecraft:birch_leaves":1,"minecraft:copper_block":10,"minecraft:grass":308,"minecraft:oak_log":44,"minecraft:coal_ore":94,"minecraft:sunflower":10,"minecraft:dirt":34,"minecraft:gold_ore":1,"minecraft:oak_leaves":11,"minecraft:deepslate":201},"minecraft:dropped":{"minecraft:water_bucket":1,"minecraft:iron_ingot":28,"minecraft:bread":28,"minecraft:wheat_seeds":22,"minecraft:golden_helmet":1,"minecraft:cooked_beef":7,"minecraft:oak_log":40,"minecraft:cooked_porkchop":3,"minecraft:golden_axe":1,"minecraft:feather":1,"minecraft:iron_helmet":1,"minecraft:cobblestone":4,"minecraft:acacia_log":25,"minecraft:coal":1,"minecraft:gold_block":1,"minecraft:diorite":1,"minecraft:wooden_axe":1,"minecraft:sunflower":1,"minecraft:iron_shovel":1,"minecraft:chainmail_leggings":2,"minecraft:string":5,"minecraft:birch_log":9,"minecraft:white_wool":2,"minecraft:bone":10,"minecraft:golden_chestplate":2,"minecraft:stone_sword":1,"minecraft:birch_sapling":2,"minecraft:rotten_flesh":17,"minecraft:iron_hoe":1,"minecraft:shears":1,"minecraft:acacia_leaves":4,"minecraft:flint_and_steel":1,"minecraft:poppy":5,"minecraft:shield":1,"minecraft:iron_chestplate":1,"minecraft:golden_sword":1,"minecraft:spider_eye":2,"minecraft:arrow":2,"minecraft:wooden_pickaxe":1},"minecraft:picked_up":{"minecraft:wooden_axe":1,"minecraft:crafting_table":2,"minecraft:wheat":53,"minecraft:chicken":2,"minecraft:wooden_pickaxe":1,"minecraft:gold_block":2,"minecraft:amethyst_block":1,"minecraft:string":13,"minecraft:moss_carpet":2,"minecraft:raw_copper":425,"minecraft:flint_and_steel":1,"minecraft:iron_shovel":2,"minecraft:diamond_leggings":1,"minecraft:cobbled_deepslate":244,"minecraft:poppy":6,"minecraft:chest":2,"minecraft:birch_sapling":2,"minecraft:furnace":1,"minecraft:raw_iron":57,"minecraft:torch":46,"minecraft:acacia_log":39,"minecraft:porkchop":25,"minecraft:diorite":11,"minecraft:redstone":33,"minecraft:golden_chestplate":1,"minecraft:diamond_chestplate":1,"minecraft:rotten_flesh":21,"minecraft:arrow":11,"minecraft:pumpkin_pie":31,"minecraft:shears":1,"minecraft:diamond_boots":1,"minecraft:gold_ingot":4,"minecraft:mutton":13,"minecraft:white_wool":3,"minecraft:cobblestone":182,"minecraft:birch_log":9,"minecraft:feather":2,"minecraft:water_bucket":1,"minecraft:andesite":22,"minecraft:acacia_leaves":4,"minecraft:copper_block":10,"minecraft:oak_log":41,"minecraft:gunpowder":5,"minecraft:lapis_lazuli":35,"minecraft:dirt":406,"minecraft:blue_bed":3,"minecraft:bone":15,"minecraft:acacia_planks":1,"minecraft:bow":1,"minecraft:wheat_seeds":190,"minecraft:raw_gold":7,"minecraft:iron_ingot":10,"minecraft:diamond_helmet":1,"minecraft:oak_planks":1,"minecraft:moss_block":2,"minecraft:acacia_sapling":1,"minecraft:cooked_porkchop":3,"minecraft:dandelion":1,"minecraft:spruce_door":1,"minecraft:spider_eye":2,"minecraft:diamond":5,"minecraft:stone_axe":2,"minecraft:chainmail_leggings":3,"minecraft:granite":11,"minecraft:bread":69,"minecraft:oak_sapling":4,"minecraft:coal":97,"minecraft:sunflower":6},"minecraft:used":{"minecraft:moss_carpet":2,"minecraft:iron_shovel":242,"minecraft:acacia_log":1,"minecraft:flint_and_steel":13,"minecraft:poppy":1,"minecraft:chest":2,"minecraft:shield":62,"minecraft:torch":29,"minecraft:dirt":406,"minecraft:acacia_sapling":1,"minecraft:iron_hoe":35,"minecraft:iron_axe":90,"minecraft:furnace":5,"minecraft:oak_sapling":4,"minecraft:cooked_beef":1,"minecraft:cobbled_deepslate":12,"minecraft:wheat_seeds":82,"minecraft:cooked_mutton":4,"minecraft:water_bucket":20,"minecraft:diorite":10,"minecraft:stone_pickaxe":190,"minecraft:copper_block":55,"minecraft:wooden_pickaxe":11,"minecraft:blue_bed":3,"minecraft:white_wool":1,"minecraft:crafting_table":2,"minecraft:acacia_door":2,"minecraft:sunflower":5,"minecraft:bread":64,"minecraft:string":4,"minecraft:iron_pickaxe":513,"minecraft:diamond_sword":483,"minecraft:cobblestone":92,"minecraft:bucket":21,"minecraft:pumpkin_pie":31,"minecraft:dandelion":1},"minecraft:custom":{"minecraft:mob_kills":59,"minecraft:interact_with_crafting_table":41,"minecraft:leave_game":2,"minecraft:time_since_death":275854,"minecraft:sprint_one_cm":455861,"minecraft:walk_one_cm":1065936,"minecraft:damage_blocked_by_shield":2372,"minecraft:drop":113,"minecraft:talked_to_villager":29,"minecraft:play_time":275854,"minecraft:sneak_time":9130,"minecraft:walk_under_water_one_cm":23076,"minecraft:jump":4460,"minecraft:interact_with_brewingstand":3,"minecraft:walk_on_water_one_cm":27217,"minecraft:total_world_time":275854,"minecraft:interact_with_furnace":286,"minecraft:interact_with_grindstone":1,"minecraft:sleep_in_bed":5,"minecraft:time_since_rest":13890,"minecraft:damage_taken":3696,"minecraft:damage_dealt":12722,"minecraft:swim_one_cm":4304,"minecraft:fly_one_cm":611668,"minecraft:player_kills":3,"minecraft:open_chest":75,"minecraft:crouch_one_cm":26753,"minecraft:fall_one_cm":108486,"minecraft:horse_one_cm":2731},"minecraft:crafted":{"minecraft:oak_planks":4,"minecraft:cooked_chicken":1,"minecraft:furnace":3,"minecraft:cooked_mutton":13,"minecraft:glass":2,"minecraft:iron_axe":1,"minecraft:iron_hoe":1,"minecraft:stone_pickaxe":2,"minecraft:copper_block":45,"minecraft:cooked_beef":8,"minecraft:diamond_sword":1,"minecraft:cooked_porkchop":25,"minecraft:wooden_pickaxe":2,"minecraft:copper_ingot":365,"minecraft:stone_axe":1,"minecraft:bread":17,"minecraft:air":0,"minecraft:shield":2,"minecraft:stick":40,"minecraft:iron_pickaxe":3,"minecraft:iron_ingot":48,"minecraft:stone_sword":1,"minecraft:acacia_door":3,"minecraft:gold_ingot":15,"minecraft:iron_leggings":1,"minecraft:acacia_planks":52},"minecraft:broken":{"minecraft:iron_shovel":1,"minecraft:stone_pickaxe":1,"minecraft:iron_pickaxe":2},"minecraft:killed":{"minecraft:spider":10,"minecraft:phantom":1,"minecraft:skeleton":7,"minecraft:chicken":1,"minecraft:pig":11,"minecraft:zombie_villager":1,"minecraft:iron_golem":2,"minecraft:creeper":4,"minecraft:sheep":3,"minecraft:zombie":14}},"DataVersion":2975}