{"stats":{"minecraft:mined":{"minecraft:acacia_leaves":1,"minecraft:crafting_table":1,"minecraft:torch":3,"minecraft:granite":5,"minecraft:acacia_log":40,"minecraft:copper_ore":80,"minecraft:tall_grass":1,"minecraft:cobblestone":6,"minecraft:wall_torch":1,"minecraft:diorite":11,"minecraft:blue_bed":1,"minecraft:iron_ore":32,"minecraft:birch_log":7,"minecraft:fire":2,"minecraft:wheat":57,"minecraft:birch_leaves":1,"minecraft:andesite":2,"minecraft:gold_block":1,"minecraft:grass":26,"minecraft:coal_ore":94,"minecraft:oak_log":44,"minecraft:deepslate_iron_ore":8,"minecraft:stone":48,"minecraft:gold_ore":1,"minecraft:cake":7,"minecraft:oak_leaves":8,"minecraft:deepslate":3},"minecraft:dropped":{"minecraft:water_bucket":1,"minecraft:wheat_seeds":1,"minecraft:golden_chestplate":1,"minecraft:oak_log":40,"minecraft:stone_sword":1,"minecraft:cooked_porkchop":3,"minecraft:birch_sapling":2,"minecraft:iron_helmet":1,"minecraft:rotten_flesh":14,"minecraft:acacia_log":25,"minecraft:coal":1,"minecraft:flint_and_steel":1,"minecraft:gold_block":1,"minecraft:poppy":5,"minecraft:diorite":1,"minecraft:iron_chestplate":1,"minecraft:wooden_axe":1,"minecraft:spider_eye":1,"minecraft:arrow":2,"minecraft:wooden_pickaxe":1,"minecraft:chainmail_leggings":2,"minecraft:string":4,"minecraft:birch_log":9,"minecraft:white_wool":1,"minecraft:bone":10},"minecraft:picked_up":{"minecraft:wooden_axe":1,"minecraft:crafting_table":1,"minecraft:wheat":53,"minecraft:water_bucket":1,"minecraft:andesite":2,"minecraft:wooden_pickaxe":1,"minecraft:gold_block":2,"minecraft:oak_log":41,"minecraft:gunpowder":4,"minecraft:amethyst_block":1,"minecraft:string":8,"minecraft:blue_bed":1,"minecraft:moss_carpet":2,"minecraft:raw_copper":290,"minecraft:flint_and_steel":1,"minecraft:bone":10,"minecraft:acacia_planks":1,"minecraft:bow":1,"minecraft:diamond_leggings":1,"minecraft:wheat_seeds":154,"minecraft:cobbled_deepslate":26,"minecraft:raw_gold":7,"minecraft:iron_ingot":9,"minecraft:poppy":6,"minecraft:diamond_helmet":1,"minecraft:moss_block":2,"minecraft:birch_sapling":2,"minecraft:acacia_sapling":1,"minecraft:furnace":1,"minecraft:raw_iron":48,"minecraft:cooked_porkchop":3,"minecraft:torch":41,"minecraft:acacia_log":39,"minecraft:porkchop":22,"minecraft:diorite":11,"minecraft:golden_chestplate":1,"minecraft:spider_eye":1,"minecraft:arrow":9,"minecraft:rotten_flesh":18,"minecraft:diamond_chestplate":1,"minecraft:diamond":5,"minecraft:stone_axe":2,"minecraft:pumpkin_pie":31,"minecraft:chainmail_leggings":3,"minecraft:diamond_boots":1,"minecraft:granite":5,"minecraft:gold_ingot":4,"minecraft:bread":69,"minecraft:oak_sapling":4,"minecraft:mutton":11,"minecraft:coal":97,"minecraft:white_wool":2,"minecraft:cobblestone":52,"minecraft:birch_log":9},"minecraft:used":{"minecraft:wheat_seeds":48,"minecraft:cooked_mutton":2,"minecraft:moss_carpet":2,"minecraft:water_bucket":1,"minecraft:diorite":10,"minecraft:acacia_log":1,"minecraft:flint_and_steel":13,"minecraft:stone_pickaxe":190,"minecraft:poppy":1,"minecraft:wooden_pickaxe":11,"minecraft:shield":46,"minecraft:blue_bed":1,"minecraft:white_wool":1,"minecraft:torch":13,"minecraft:crafting_table":1,"minecraft:acacia_sapling":1,"minecraft:iron_axe":86,"minecraft:bread":24,"minecraft:iron_pickaxe":95,"minecraft:diamond_sword":271,"minecraft:cobblestone":45,"minecraft:oak_sapling":4,"minecraft:furnace":1,"minecraft:bucket":1,"minecraft:pumpkin_pie":31,"minecraft:cooked_beef":1,"minecraft:cobbled_deepslate":1},"minecraft:custom":{"minecraft:interact_with_furnace":153,"minecraft:mob_kills":35,"minecraft:interact_with_crafting_table":23,"minecraft:interact_with_grindstone":1,"minecraft:leave_game":1,"minecraft:time_since_death":135875,"minecraft:sleep_in_bed":3,"minecraft:time_since_rest":48870,"minecraft:sprint_one_cm":166821,"minecraft:damage_taken":2547,"minecraft:walk_one_cm":478085,"minecraft:damage_blocked_by_shield":1926,"minecraft:drop":33,"minecraft:damage_dealt":6309,"minecraft:player_kills":2,"minecraft:swim_one_cm":4304,"minecraft:fly_one_cm":225377,"minecraft:talked_to_villager":19,"minecraft:open_chest":44,"minecraft:play_time":135875,"minecraft:crouch_one_cm":13044,"minecraft:sneak_time":4957,"minecraft:walk_under_water_one_cm":22319,"minecraft:jump":1930,"minecraft:interact_with_brewingstand":3,"minecraft:walk_on_water_one_cm":18200,"minecraft:total_world_time":135875,"minecraft:fall_one_cm":43424,"minecraft:horse_one_cm":2731},"minecraft:crafted":{"minecraft:cooked_beef":8,"minecraft:oak_planks":4,"minecraft:diamond_sword":1,"minecraft:cooked_porkchop":22,"minecraft:wooden_pickaxe":2,"minecraft:copper_ingot":192,"minecraft:stone_axe":1,"minecraft:cooked_mutton":11,"minecraft:air":0,"minecraft:glass":2,"minecraft:shield":1,"minecraft:iron_axe":1,"minecraft:stick":40,"minecraft:iron_ingot":39,"minecraft:iron_pickaxe":2,"minecraft:stone_pickaxe":2,"minecraft:stone_sword":1,"minecraft:iron_leggings":1,"minecraft:gold_ingot":6,"minecraft:copper_block":24,"minecraft:acacia_planks":52},"minecraft:broken":{"minecraft:stone_pickaxe":1},"minecraft:killed":{"minecraft:pig":9,"minecraft:zombie_villager":1,"minecraft:spider":4,"minecraft:iron_golem":1,"minecraft:creeper":3,"minecraft:sheep":2,"minecraft:skeleton":5,"minecraft:zombie":5}},"DataVersion":2975}