{"stats":{"minecraft:mined":{"minecraft:granite":5,"minecraft:acacia_log":40,"minecraft:grass_block":372,"minecraft:iron_ore":32,"minecraft:fire":2,"minecraft:cobbled_deepslate":9,"minecraft:andesite":2,"minecraft:gold_block":1,"minecraft:deepslate_iron_ore":8,"minecraft:stone":48,"minecraft:cake":7,"minecraft:tripwire":2,"minecraft:podzol":1,"minecraft:acacia_leaves":1,"minecraft:crafting_table":2,"minecraft:torch":3,"minecraft:chest":2,"minecraft:tall_grass":22,"minecraft:copper_ore":80,"minecraft:cobblestone":6,"minecraft:diorite":11,"minecraft:blue_bed":2,"minecraft:wall_torch":2,"minecraft:birch_log":7,"minecraft:wheat":57,"minecraft:birch_leaves":1,"minecraft:copper_block":10,"minecraft:grass":308,"minecraft:oak_log":44,"minecraft:coal_ore":94,"minecraft:sunflower":10,"minecraft:dirt":34,"minecraft:gold_ore":1,"minecraft:oak_leaves":11,"minecraft:deepslate":3},"minecraft:dropped":{"minecraft:water_bucket":1,"minecraft:iron_ingot":28,"minecraft:bread":22,"minecraft:wheat_seeds":22,"minecraft:golden_helmet":1,"minecraft:cooked_beef":7,"minecraft:oak_log":40,"minecraft:cooked_porkchop":3,"minecraft:golden_axe":1,"minecraft:feather":1,"minecraft:iron_helmet":1,"minecraft:cobblestone":4,"minecraft:acacia_log":25,"minecraft:coal":1,"minecraft:gold_block":1,"minecraft:diorite":1,"minecraft:wooden_axe":1,"minecraft:sunflower":1,"minecraft:iron_shovel":1,"minecraft:chainmail_leggings":2,"minecraft:string":4,"minecraft:birch_log":9,"minecraft:white_wool":2,"minecraft:bone":10,"minecraft:golden_chestplate":2,"minecraft:stone_sword":1,"minecraft:birch_sapling":2,"minecraft:rotten_flesh":15,"minecraft:iron_hoe":1,"minecraft:shears":1,"minecraft:acacia_leaves":4,"minecraft:flint_and_steel":1,"minecraft:poppy":5,"minecraft:shield":1,"minecraft:iron_chestplate":1,"minecraft:golden_sword":1,"minecraft:spider_eye":1,"minecraft:arrow":2,"minecraft:wooden_pickaxe":1},"minecraft:picked_up":{"minecraft:wooden_axe":1,"minecraft:crafting_table":2,"minecraft:wheat":53,"minecraft:chicken":1,"minecraft:wooden_pickaxe":1,"minecraft:gold_block":2,"minecraft:amethyst_block":1,"minecraft:string":12,"minecraft:moss_carpet":2,"minecraft:raw_copper":353,"minecraft:flint_and_steel":1,"minecraft:iron_shovel":2,"minecraft:diamond_leggings":1,"minecraft:cobbled_deepslate":36,"minecraft:poppy":6,"minecraft:chest":2,"minecraft:birch_sapling":2,"minecraft:furnace":1,"minecraft:raw_iron":48,"minecraft:torch":44,"minecraft:acacia_log":39,"minecraft:porkchop":25,"minecraft:diorite":11,"minecraft:golden_chestplate":1,"minecraft:diamond_chestplate":1,"minecraft:rotten_flesh":19,"minecraft:arrow":11,"minecraft:pumpkin_pie":31,"minecraft:shears":1,"minecraft:diamond_boots":1,"minecraft:gold_ingot":4,"minecraft:mutton":13,"minecraft:white_wool":3,"minecraft:cobblestone":52,"minecraft:birch_log":9,"minecraft:feather":1,"minecraft:water_bucket":1,"minecraft:andesite":2,"minecraft:acacia_leaves":4,"minecraft:copper_block":10,"minecraft:oak_log":41,"minecraft:gunpowder":4,"minecraft:dirt":383,"minecraft:blue_bed":2,"minecraft:bone":15,"minecraft:acacia_planks":1,"minecraft:bow":1,"minecraft:wheat_seeds":190,"minecraft:raw_gold":7,"minecraft:iron_ingot":9,"minecraft:diamond_helmet":1,"minecraft:oak_planks":1,"minecraft:moss_block":2,"minecraft:acacia_sapling":1,"minecraft:cooked_porkchop":3,"minecraft:dandelion":1,"minecraft:spider_eye":1,"minecraft:diamond":5,"minecraft:stone_axe":2,"minecraft:chainmail_leggings":3,"minecraft:granite":5,"minecraft:bread":69,"minecraft:oak_sapling":4,"minecraft:coal":97,"minecraft:sunflower":6},"minecraft:used":{"minecraft:moss_carpet":2,"minecraft:iron_shovel":242,"minecraft:acacia_log":1,"minecraft:flint_and_steel":13,"minecraft:poppy":1,"minecraft:chest":2,"minecraft:shield":55,"minecraft:torch":21,"minecraft:dirt":383,"minecraft:acacia_sapling":1,"minecraft:iron_hoe":35,"minecraft:iron_axe":89,"minecraft:furnace":2,"minecraft:oak_sapling":4,"minecraft:cooked_beef":1,"minecraft:cobbled_deepslate":12,"minecraft:wheat_seeds":82,"minecraft:cooked_mutton":2,"minecraft:water_bucket":16,"minecraft:diorite":10,"minecraft:stone_pickaxe":190,"minecraft:copper_block":39,"minecraft:wooden_pickaxe":11,"minecraft:blue_bed":2,"minecraft:white_wool":1,"minecraft:crafting_table":2,"minecraft:acacia_door":2,"minecraft:sunflower":5,"minecraft:bread":53,"minecraft:string":4,"minecraft:iron_pickaxe":114,"minecraft:diamond_sword":374,"minecraft:cobblestone":45,"minecraft:bucket":17,"minecraft:pumpkin_pie":31,"minecraft:dandelion":1},"minecraft:custom":{"minecraft:mob_kills":47,"minecraft:interact_with_crafting_table":33,"minecraft:leave_game":1,"minecraft:time_since_death":225875,"minecraft:sprint_one_cm":381065,"minecraft:walk_one_cm":872362,"minecraft:damage_blocked_by_shield":2192,"minecraft:drop":103,"minecraft:talked_to_villager":19,"minecraft:play_time":225875,"minecraft:sneak_time":8309,"minecraft:walk_under_water_one_cm":22858,"minecraft:jump":3540,"minecraft:interact_with_brewingstand":3,"minecraft:walk_on_water_one_cm":25326,"minecraft:total_world_time":225875,"minecraft:interact_with_furnace":200,"minecraft:interact_with_grindstone":1,"minecraft:sleep_in_bed":4,"minecraft:time_since_rest":35989,"minecraft:damage_taken":3328,"minecraft:damage_dealt":9081,"minecraft:swim_one_cm":4304,"minecraft:fly_one_cm":535913,"minecraft:player_kills":3,"minecraft:open_chest":59,"minecraft:crouch_one_cm":24270,"minecraft:fall_one_cm":94885,"minecraft:horse_one_cm":2731},"minecraft:crafted":{"minecraft:oak_planks":4,"minecraft:cooked_chicken":1,"minecraft:cooked_mutton":13,"minecraft:glass":2,"minecraft:iron_axe":1,"minecraft:iron_hoe":1,"minecraft:stone_pickaxe":2,"minecraft:copper_block":29,"minecraft:cooked_beef":8,"minecraft:diamond_sword":1,"minecraft:cooked_porkchop":24,"minecraft:wooden_pickaxe":2,"minecraft:copper_ingot":234,"minecraft:stone_axe":1,"minecraft:bread":17,"minecraft:air":0,"minecraft:shield":2,"minecraft:stick":40,"minecraft:iron_pickaxe":2,"minecraft:iron_ingot":39,"minecraft:stone_sword":1,"minecraft:acacia_door":3,"minecraft:gold_ingot":6,"minecraft:iron_leggings":1,"minecraft:acacia_planks":52},"minecraft:broken":{"minecraft:iron_shovel":1,"minecraft:stone_pickaxe":1},"minecraft:killed":{"minecraft:spider":8,"minecraft:skeleton":7,"minecraft:pig":11,"minecraft:zombie_villager":1,"minecraft:iron_golem":1,"minecraft:creeper":3,"minecraft:sheep":3,"minecraft:zombie":8}},"DataVersion":2975}