{"stats":{"minecraft:mined":{"minecraft:iron_ore":6,"minecraft:spruce_log":3,"minecraft:andesite":29,"minecraft:torch":6,"minecraft:granite":1,"minecraft:grass":7,"minecraft:grass_block":17,"minecraft:oak_log":59,"minecraft:deepslate_iron_ore":17,"minecraft:dirt":54,"minecraft:tall_grass":1,"minecraft:spruce_leaves":2,"minecraft:stone":30,"minecraft:wall_torch":1,"minecraft:oak_planks":2,"minecraft:deepslate":8,"minecraft:diorite":10,"minecraft:oak_leaves":11,"minecraft:blue_bed":1},"minecraft:killed_by":{"minecraft:player":3,"minecraft:skeleton":2},"minecraft:dropped":{"minecraft:diamond_sword":1},"minecraft:picked_up":{"minecraft:golden_helmet":1,"minecraft:raw_iron":23,"minecraft:stick":1,"minecraft:andesite":29,"minecraft:torch":7,"minecraft:diamond_sword":1,"minecraft:golden_axe":1,"minecraft:oak_log":59,"minecraft:golden_sword":1,"minecraft:diorite":10,"minecraft:spruce_log":3,"minecraft:golden_chestplate":1,"minecraft:blue_bed":1,"minecraft:dirt":119,"minecraft:bone":1,"minecraft:arrow":3,"minecraft:wheat_seeds":1,"minecraft:cobbled_deepslate":10,"minecraft:granite":1,"minecraft:bread":2,"minecraft:oak_sapling":3,"minecraft:oak_planks":2,"minecraft:cobblestone":30,"minecraft:egg":2},"minecraft:used":{"minecraft:diorite":10,"minecraft:snow_block":10,"minecraft:stone_shovel":48,"minecraft:bread":8,"minecraft:stone_pickaxe":104,"minecraft:golden_helmet":1,"minecraft:rotten_flesh":5,"minecraft:iron_chestplate":1,"minecraft:stone_axe":60,"minecraft:torch":16,"minecraft:dirt":56,"minecraft:crafting_table":1,"minecraft:egg":1,"minecraft:golden_chestplate":1,"minecraft:cobbled_deepslate":1,"minecraft:golden_axe":35},"minecraft:crafted":{"minecraft:oak_planks":236,"minecraft:crafting_table":1,"minecraft:spruce_planks":12,"minecraft:stick":4,"minecraft:stone_pickaxe":1},"minecraft:custom":{"minecraft:time_since_rest":597,"minecraft:sprint_one_cm":83055,"minecraft:damage_taken":3060,"minecraft:walk_one_cm":80534,"minecraft:mob_kills":2,"minecraft:drop":1,"minecraft:damage_dealt":638,"minecraft:interact_with_crafting_table":1,"minecraft:fly_one_cm":189690,"minecraft:open_chest":16,"minecraft:crouch_one_cm":342,"minecraft:play_time":32735,"minecraft:deaths":10,"minecraft:sneak_time":87,"minecraft:jump":782,"minecraft:leave_game":2,"minecraft:time_since_death":565,"minecraft:walk_on_water_one_cm":661,"minecraft:total_world_time":32735,"minecraft:fall_one_cm":35257},"minecraft:broken":{"minecraft:golden_axe":1},"minecraft:killed":{"minecraft:skeleton":2}},"DataVersion":2975}