{"stats":{"minecraft:mined":{"minecraft:red_bed":1,"minecraft:crafting_table":1,"minecraft:torch":6,"minecraft:glow_lichen":1,"minecraft:granite":18,"minecraft:grass_block":18,"minecraft:chest":1,"minecraft:tall_grass":1,"minecraft:copper_ore":4,"minecraft:spruce_leaves":2,"minecraft:deepslate_gold_ore":7,"minecraft:sugar_cane":37,"minecraft:oak_planks":2,"minecraft:diorite":26,"minecraft:blue_bed":1,"minecraft:wall_torch":1,"minecraft:deepslate_copper_ore":5,"minecraft:iron_ore":23,"minecraft:wheat":25,"minecraft:spruce_log":3,"minecraft:andesite":55,"minecraft:pumpkin":1,"minecraft:deepslate_lapis_ore":5,"minecraft:grass":10,"minecraft:coal_ore":12,"minecraft:oak_log":62,"minecraft:deepslate_iron_ore":33,"minecraft:gravel":3,"minecraft:dirt":59,"minecraft:stone":73,"minecraft:oak_leaves":13,"minecraft:deepslate":16},"minecraft:killed_by":{"minecraft:player":3,"minecraft:skeleton":2,"minecraft:enderman":1},"minecraft:dropped":{"minecraft:gravel":1,"minecraft:diamond_sword":1,"minecraft:quartz":1},"minecraft:picked_up":{"minecraft:crafting_table":1,"minecraft:wheat":42,"minecraft:andesite":81,"minecraft:diamond_sword":1,"minecraft:flint":2,"minecraft:tuff":2,"minecraft:oak_log":62,"minecraft:golden_sword":4,"minecraft:paper":9,"minecraft:red_bed":1,"minecraft:blue_bed":1,"minecraft:lapis_lazuli":62,"minecraft:dirt":273,"minecraft:raw_copper":46,"minecraft:bone":1,"minecraft:wheat_seeds":101,"minecraft:cobbled_deepslate":30,"minecraft:raw_gold":14,"minecraft:iron_ingot":8,"minecraft:beef":6,"minecraft:stone_pickaxe":1,"minecraft:iron_pickaxe":1,"minecraft:sugar_cane":89,"minecraft:chest":2,"minecraft:oak_planks":2,"minecraft:iron_boots":1,"minecraft:egg":2,"minecraft:golden_helmet":4,"minecraft:raw_iron":76,"minecraft:stick":18,"minecraft:pumpkin":1,"minecraft:torch":10,"minecraft:quartz":4,"minecraft:gravel":4,"minecraft:golden_axe":1,"minecraft:diorite":36,"minecraft:spruce_log":3,"minecraft:golden_chestplate":1,"minecraft:stone_sword":1,"minecraft:iron_hoe":2,"minecraft:arrow":3,"minecraft:rotten_flesh":2,"minecraft:stone_axe":1,"minecraft:chainmail_leggings":1,"minecraft:iron_helmet":1,"minecraft:granite":25,"minecraft:emerald":1,"minecraft:bread":2,"minecraft:oak_sapling":9,"minecraft:coal":24,"minecraft:cobblestone":112},"minecraft:used":{"minecraft:wheat_seeds":56,"minecraft:diorite":21,"minecraft:snow_block":10,"minecraft:tropical_fish":1,"minecraft:stone_shovel":48,"minecraft:stone_pickaxe":176,"minecraft:sugar_cane":50,"minecraft:rotten_flesh":11,"minecraft:iron_chestplate":1,"minecraft:torch":20,"minecraft:dirt":94,"minecraft:red_bed":1,"minecraft:crafting_table":2,"minecraft:golden_chestplate":1,"minecraft:granite":10,"minecraft:iron_hoe":51,"minecraft:bread":8,"minecraft:iron_pickaxe":111,"minecraft:gravel":10,"minecraft:golden_helmet":1,"minecraft:stone_axe":60,"minecraft:golden_sword":48,"minecraft:beef":18,"minecraft:furnace":1,"minecraft:egg":1,"minecraft:cobbled_deepslate":1,"minecraft:pumpkin":1,"minecraft:golden_axe":35},"minecraft:crafted":{"minecraft:oak_planks":248,"minecraft:emerald":1,"minecraft:crafting_table":1,"minecraft:spruce_planks":12,"minecraft:furnace":1,"minecraft:air":0,"minecraft:paper":33,"minecraft:stick":12,"minecraft:iron_ingot":11,"minecraft:iron_pickaxe":1,"minecraft:stone_pickaxe":2,"minecraft:stone_sword":1},"minecraft:custom":{"minecraft:interact_with_furnace":4,"minecraft:mob_kills":3,"minecraft:traded_with_villager":1,"minecraft:interact_with_crafting_table":10,"minecraft:leave_game":4,"minecraft:time_since_death":221,"minecraft:sleep_in_bed":2,"minecraft:time_since_rest":266,"minecraft:sprint_one_cm":193517,"minecraft:damage_taken":4248,"minecraft:walk_one_cm":228205,"minecraft:drop":3,"minecraft:damage_dealt":1169,"minecraft:swim_one_cm":12303,"minecraft:talked_to_villager":7,"minecraft:fly_one_cm":397429,"minecraft:open_chest":26,"minecraft:crouch_one_cm":502,"minecraft:play_time":90697,"minecraft:deaths":16,"minecraft:sneak_time":129,"minecraft:walk_under_water_one_cm":2322,"minecraft:boat_one_cm":9583,"minecraft:jump":1926,"minecraft:walk_on_water_one_cm":5088,"minecraft:total_world_time":90697,"minecraft:fall_one_cm":69768},"minecraft:broken":{"minecraft:golden_axe":1},"minecraft:killed":{"minecraft:skeleton":2,"minecraft:zombie":1}},"DataVersion":2975}