{"stats":{"minecraft:mined":{"minecraft:red_bed":1,"minecraft:crafting_table":1,"minecraft:torch":6,"minecraft:granite":1,"minecraft:grass_block":18,"minecraft:chest":1,"minecraft:tall_grass":1,"minecraft:spruce_leaves":2,"minecraft:deepslate_gold_ore":1,"minecraft:oak_planks":2,"minecraft:diorite":16,"minecraft:wall_torch":1,"minecraft:blue_bed":1,"minecraft:iron_ore":11,"minecraft:spruce_log":3,"minecraft:andesite":42,"minecraft:pumpkin":1,"minecraft:grass":9,"minecraft:oak_log":62,"minecraft:deepslate_iron_ore":24,"minecraft:dirt":56,"minecraft:stone":62,"minecraft:oak_leaves":13,"minecraft:deepslate":11},"minecraft:killed_by":{"minecraft:player":3,"minecraft:skeleton":2},"minecraft:dropped":{"minecraft:diamond_sword":1},"minecraft:picked_up":{"minecraft:crafting_table":1,"minecraft:andesite":42,"minecraft:diamond_sword":1,"minecraft:oak_log":62,"minecraft:golden_sword":3,"minecraft:red_bed":1,"minecraft:blue_bed":1,"minecraft:dirt":242,"minecraft:bone":1,"minecraft:wheat_seeds":20,"minecraft:cobbled_deepslate":13,"minecraft:raw_gold":1,"minecraft:chest":1,"minecraft:oak_planks":2,"minecraft:egg":2,"minecraft:golden_helmet":3,"minecraft:raw_iron":34,"minecraft:stick":1,"minecraft:pumpkin":1,"minecraft:torch":10,"minecraft:golden_axe":1,"minecraft:diorite":16,"minecraft:spruce_log":3,"minecraft:golden_chestplate":1,"minecraft:iron_hoe":1,"minecraft:arrow":3,"minecraft:granite":1,"minecraft:bread":2,"minecraft:oak_sapling":3,"minecraft:cobblestone":62},"minecraft:used":{"minecraft:wheat_seeds":19,"minecraft:diorite":16,"minecraft:snow_block":10,"minecraft:tropical_fish":1,"minecraft:stone_shovel":48,"minecraft:stone_pickaxe":166,"minecraft:rotten_flesh":10,"minecraft:iron_chestplate":1,"minecraft:torch":20,"minecraft:dirt":57,"minecraft:red_bed":1,"minecraft:crafting_table":2,"minecraft:golden_chestplate":1,"minecraft:iron_hoe":34,"minecraft:bread":8,"minecraft:iron_pickaxe":6,"minecraft:gravel":3,"minecraft:golden_helmet":1,"minecraft:stone_axe":60,"minecraft:furnace":1,"minecraft:egg":1,"minecraft:cobbled_deepslate":1,"minecraft:pumpkin":1,"minecraft:golden_axe":35},"minecraft:crafted":{"minecraft:oak_planks":248,"minecraft:crafting_table":1,"minecraft:spruce_planks":12,"minecraft:furnace":1,"minecraft:air":0,"minecraft:stick":12,"minecraft:iron_ingot":3,"minecraft:iron_pickaxe":1,"minecraft:stone_pickaxe":2,"minecraft:stone_sword":1},"minecraft:custom":{"minecraft:interact_with_furnace":3,"minecraft:mob_kills":2,"minecraft:interact_with_crafting_table":7,"minecraft:leave_game":3,"minecraft:time_since_death":20323,"minecraft:sleep_in_bed":2,"minecraft:time_since_rest":717,"minecraft:sprint_one_cm":135922,"minecraft:damage_taken":3633,"minecraft:walk_one_cm":146817,"minecraft:drop":1,"minecraft:damage_dealt":638,"minecraft:swim_one_cm":6216,"minecraft:fly_one_cm":265867,"minecraft:open_chest":22,"minecraft:crouch_one_cm":475,"minecraft:play_time":55271,"minecraft:deaths":11,"minecraft:sneak_time":124,"minecraft:walk_under_water_one_cm":761,"minecraft:jump":1218,"minecraft:walk_on_water_one_cm":1724,"minecraft:total_world_time":55271,"minecraft:fall_one_cm":53706},"minecraft:broken":{"minecraft:golden_axe":1},"minecraft:killed":{"minecraft:skeleton":2}},"DataVersion":2975}