{"stats":{"minecraft:mined":{"minecraft:grass":6,"minecraft:oak_log":57,"minecraft:grass_block":17,"minecraft:dirt":25,"minecraft:tall_grass":1,"minecraft:spruce_leaves":2,"minecraft:oak_planks":2,"minecraft:oak_leaves":9,"minecraft:blue_bed":1},"minecraft:killed_by":{"minecraft:player":3},"minecraft:picked_up":{"minecraft:stick":1,"minecraft:wheat_seeds":1,"minecraft:torch":1,"minecraft:cobbled_deepslate":2,"minecraft:golden_axe":1,"minecraft:oak_log":57,"minecraft:oak_sapling":2,"minecraft:oak_planks":2,"minecraft:dirt":44,"minecraft:blue_bed":1,"minecraft:egg":1},"minecraft:used":{"minecraft:stone_axe":38,"minecraft:dirt":24,"minecraft:bread":3,"minecraft:stone_shovel":24,"minecraft:egg":1,"minecraft:cobbled_deepslate":1,"minecraft:golden_axe":35},"minecraft:custom":{"minecraft:time_since_rest":9754,"minecraft:open_chest":10,"minecraft:crouch_one_cm":299,"minecraft:play_time":15506,"minecraft:sprint_one_cm":40023,"minecraft:deaths":3,"minecraft:damage_taken":1089,"minecraft:walk_one_cm":40486,"minecraft:sneak_time":46,"minecraft:jump":397,"minecraft:damage_dealt":33,"minecraft:leave_game":1,"minecraft:walk_on_water_one_cm":118,"minecraft:time_since_death":9730,"minecraft:total_world_time":15506,"minecraft:fall_one_cm":9938,"minecraft:fly_one_cm":84655},"minecraft:broken":{"minecraft:golden_axe":1}},"DataVersion":2975}