{"stats":{"minecraft:mined":{"minecraft:deepslate_redstone_ore":10,"minecraft:red_bed":1,"minecraft:crafting_table":1,"minecraft:torch":10,"minecraft:glow_lichen":1,"minecraft:granite":18,"minecraft:grass_block":21,"minecraft:chest":1,"minecraft:tall_grass":1,"minecraft:copper_ore":4,"minecraft:spruce_leaves":2,"minecraft:deepslate_gold_ore":10,"minecraft:sugar_cane":51,"minecraft:oak_planks":2,"minecraft:diorite":26,"minecraft:wall_torch":4,"minecraft:blue_bed":1,"minecraft:deepslate_copper_ore":5,"minecraft:birch_log":27,"minecraft:iron_ore":23,"minecraft:wheat":25,"minecraft:spruce_log":3,"minecraft:birch_leaves":3,"minecraft:andesite":55,"minecraft:pumpkin":1,"minecraft:deepslate_lapis_ore":5,"minecraft:grass":14,"minecraft:oak_log":215,"minecraft:coal_ore":12,"minecraft:deepslate_iron_ore":33,"minecraft:rail":1,"minecraft:gravel":3,"minecraft:dirt":69,"minecraft:stone":73,"minecraft:oak_leaves":57,"minecraft:deepslate":22},"minecraft:killed_by":{"minecraft:player":3,"minecraft:skeleton":3,"minecraft:spider":1,"minecraft:enderman":1},"minecraft:dropped":{"minecraft:gravel":1,"minecraft:stone_axe":4,"minecraft:sugar_cane":1,"minecraft:rotten_flesh":1,"minecraft:flint":1,"minecraft:diamond_sword":1,"minecraft:spider_eye":1,"minecraft:quartz":1},"minecraft:picked_up":{"minecraft:birch_log":27,"minecraft:crafting_table":3,"minecraft:wheat":84,"minecraft:andesite":133,"minecraft:diamond_sword":1,"minecraft:diamond_horse_armor":1,"minecraft:flint":4,"minecraft:tuff":4,"minecraft:oak_log":231,"minecraft:golden_sword":7,"minecraft:red_bed":1,"minecraft:lapis_lazuli":155,"minecraft:dirt":366,"minecraft:paper":42,"minecraft:blue_bed":1,"minecraft:iron_axe":1,"minecraft:raw_copper":115,"minecraft:name_tag":1,"minecraft:bone":1,"minecraft:wheat_seeds":147,"minecraft:cobbled_deepslate":70,"minecraft:raw_gold":39,"minecraft:beef":22,"minecraft:iron_ingot":29,"minecraft:stone_pickaxe":3,"minecraft:birch_sapling":1,"minecraft:iron_pickaxe":3,"minecraft:sugar_cane":151,"minecraft:chest":4,"minecraft:oak_planks":6,"minecraft:egg":2,"minecraft:iron_boots":4,"minecraft:golden_helmet":7,"minecraft:stick":54,"minecraft:raw_iron":139,"minecraft:music_disc_13":1,"minecraft:pumpkin":1,"minecraft:torch":24,"minecraft:quartz":10,"minecraft:gravel":6,"minecraft:golden_axe":1,"minecraft:iron_horse_armor":1,"minecraft:diorite":46,"minecraft:spider_eye":2,"minecraft:spruce_log":3,"minecraft:redstone":56,"minecraft:golden_chestplate":1,"minecraft:iron_hoe":5,"minecraft:stone_sword":3,"minecraft:arrow":3,"minecraft:rotten_flesh":3,"minecraft:stone_axe":7,"minecraft:chainmail_leggings":4,"minecraft:iron_helmet":3,"minecraft:granite":39,"minecraft:emerald":24,"minecraft:bread":8,"minecraft:oak_sapling":31,"minecraft:coal":60,"minecraft:rail":1,"minecraft:cobblestone":231},"minecraft:used":{"minecraft:wheat_seeds":56,"minecraft:diorite":21,"minecraft:snow_block":10,"minecraft:tropical_fish":1,"minecraft:stone_shovel":48,"minecraft:stone_pickaxe":181,"minecraft:chest":1,"minecraft:sugar_cane":50,"minecraft:rotten_flesh":11,"minecraft:iron_chestplate":1,"minecraft:torch":20,"minecraft:dirt":114,"minecraft:red_bed":1,"minecraft:crafting_table":2,"minecraft:golden_chestplate":1,"minecraft:granite":10,"minecraft:iron_hoe":51,"minecraft:iron_axe":241,"minecraft:bread":10,"minecraft:iron_pickaxe":132,"minecraft:iron_boots":1,"minecraft:gravel":10,"minecraft:golden_helmet":2,"minecraft:stone_axe":60,"minecraft:golden_sword":48,"minecraft:cobblestone":2,"minecraft:beef":20,"minecraft:furnace":1,"minecraft:egg":1,"minecraft:cobbled_deepslate":3,"minecraft:pumpkin":1,"minecraft:golden_axe":35},"minecraft:crafted":{"minecraft:oak_planks":860,"minecraft:emerald":37,"minecraft:crafting_table":1,"minecraft:spruce_planks":12,"minecraft:furnace":1,"minecraft:birch_planks":108,"minecraft:bread":7,"minecraft:air":0,"minecraft:paper":63,"minecraft:iron_axe":1,"minecraft:stick":1356,"minecraft:iron_ingot":11,"minecraft:iron_pickaxe":1,"minecraft:stone_pickaxe":2,"minecraft:stone_sword":1},"minecraft:custom":{"minecraft:interact_with_smithing_table":2,"minecraft:interact_with_furnace":4,"minecraft:mob_kills":5,"minecraft:traded_with_villager":37,"minecraft:interact_with_crafting_table":22,"minecraft:leave_game":5,"minecraft:time_since_death":6202,"minecraft:sleep_in_bed":2,"minecraft:time_since_rest":6251,"minecraft:sprint_one_cm":259477,"minecraft:damage_taken":4980,"minecraft:walk_one_cm":300293,"minecraft:drop":11,"minecraft:damage_dealt":1593,"minecraft:swim_one_cm":20027,"minecraft:talked_to_villager":32,"minecraft:fly_one_cm":568494,"minecraft:open_chest":31,"minecraft:crouch_one_cm":528,"minecraft:play_time":119885,"minecraft:deaths":18,"minecraft:sneak_time":392,"minecraft:walk_under_water_one_cm":4003,"minecraft:boat_one_cm":9583,"minecraft:jump":2448,"minecraft:walk_on_water_one_cm":13504,"minecraft:total_world_time":119885,"minecraft:fall_one_cm":81114},"minecraft:broken":{"minecraft:golden_axe":1,"minecraft:iron_axe":1,"minecraft:iron_helmet":1},"minecraft:killed":{"minecraft:spider":2,"minecraft:skeleton":2,"minecraft:zombie":1}},"DataVersion":2975}