{"stats":{"minecraft:mined":{"minecraft:red_bed":1,"minecraft:glow_lichen":1,"minecraft:crafting_table":1,"minecraft:torch":6,"minecraft:granite":9,"minecraft:grass_block":18,"minecraft:chest":1,"minecraft:copper_ore":4,"minecraft:tall_grass":1,"minecraft:spruce_leaves":2,"minecraft:deepslate_gold_ore":7,"minecraft:sugar_cane":18,"minecraft:oak_planks":2,"minecraft:diorite":16,"minecraft:wall_torch":1,"minecraft:blue_bed":1,"minecraft:deepslate_copper_ore":5,"minecraft:iron_ore":23,"minecraft:spruce_log":3,"minecraft:andesite":42,"minecraft:pumpkin":1,"minecraft:deepslate_lapis_ore":5,"minecraft:grass":9,"minecraft:oak_log":62,"minecraft:deepslate_iron_ore":33,"minecraft:dirt":59,"minecraft:stone":65,"minecraft:oak_leaves":13,"minecraft:deepslate":16},"minecraft:killed_by":{"minecraft:player":3,"minecraft:skeleton":2},"minecraft:dropped":{"minecraft:diamond_sword":1},"minecraft:picked_up":{"minecraft:crafting_table":1,"minecraft:andesite":42,"minecraft:diamond_sword":1,"minecraft:tuff":1,"minecraft:oak_log":62,"minecraft:golden_sword":3,"minecraft:lapis_lazuli":31,"minecraft:red_bed":1,"minecraft:blue_bed":1,"minecraft:dirt":245,"minecraft:raw_copper":23,"minecraft:bone":1,"minecraft:wheat_seeds":20,"minecraft:cobbled_deepslate":20,"minecraft:raw_gold":7,"minecraft:sugar_cane":50,"minecraft:chest":1,"minecraft:oak_planks":2,"minecraft:egg":2,"minecraft:golden_helmet":3,"minecraft:raw_iron":55,"minecraft:stick":1,"minecraft:pumpkin":1,"minecraft:torch":10,"minecraft:golden_axe":1,"minecraft:diorite":16,"minecraft:spruce_log":3,"minecraft:golden_chestplate":1,"minecraft:iron_hoe":1,"minecraft:arrow":3,"minecraft:granite":9,"minecraft:bread":2,"minecraft:oak_sapling":3,"minecraft:cobblestone":65},"minecraft:used":{"minecraft:wheat_seeds":19,"minecraft:diorite":16,"minecraft:snow_block":10,"minecraft:tropical_fish":1,"minecraft:stone_shovel":48,"minecraft:stone_pickaxe":173,"minecraft:sugar_cane":16,"minecraft:rotten_flesh":10,"minecraft:iron_chestplate":1,"minecraft:torch":20,"minecraft:dirt":94,"minecraft:red_bed":1,"minecraft:crafting_table":2,"minecraft:golden_chestplate":1,"minecraft:iron_hoe":50,"minecraft:bread":8,"minecraft:iron_pickaxe":59,"minecraft:gravel":9,"minecraft:golden_helmet":1,"minecraft:stone_axe":60,"minecraft:golden_sword":14,"minecraft:beef":11,"minecraft:furnace":1,"minecraft:egg":1,"minecraft:cobbled_deepslate":1,"minecraft:pumpkin":1,"minecraft:golden_axe":35},"minecraft:crafted":{"minecraft:oak_planks":248,"minecraft:crafting_table":1,"minecraft:spruce_planks":12,"minecraft:furnace":1,"minecraft:air":0,"minecraft:paper":33,"minecraft:stick":12,"minecraft:iron_ingot":11,"minecraft:iron_pickaxe":1,"minecraft:stone_pickaxe":2,"minecraft:stone_sword":1},"minecraft:custom":{"minecraft:interact_with_furnace":4,"minecraft:mob_kills":3,"minecraft:interact_with_crafting_table":10,"minecraft:leave_game":3,"minecraft:time_since_death":32323,"minecraft:sleep_in_bed":2,"minecraft:time_since_rest":12717,"minecraft:sprint_one_cm":156286,"minecraft:damage_taken":3810,"minecraft:walk_one_cm":189768,"minecraft:drop":1,"minecraft:damage_dealt":1167,"minecraft:talked_to_villager":4,"minecraft:swim_one_cm":6216,"minecraft:fly_one_cm":278581,"minecraft:open_chest":26,"minecraft:crouch_one_cm":475,"minecraft:play_time":67271,"minecraft:deaths":11,"minecraft:sneak_time":124,"minecraft:walk_under_water_one_cm":761,"minecraft:boat_one_cm":9583,"minecraft:jump":1432,"minecraft:walk_on_water_one_cm":1730,"minecraft:total_world_time":67271,"minecraft:fall_one_cm":56245},"minecraft:broken":{"minecraft:golden_axe":1},"minecraft:killed":{"minecraft:skeleton":2,"minecraft:zombie":1}},"DataVersion":2975}