{"stats":{"minecraft:mined":{"minecraft:deepslate_redstone_ore":10,"minecraft:red_bed":1,"minecraft:crafting_table":1,"minecraft:torch":10,"minecraft:glow_lichen":1,"minecraft:granite":18,"minecraft:grass_block":21,"minecraft:chest":1,"minecraft:tall_grass":1,"minecraft:copper_ore":4,"minecraft:spruce_leaves":2,"minecraft:deepslate_gold_ore":10,"minecraft:sugar_cane":51,"minecraft:oak_planks":2,"minecraft:diorite":26,"minecraft:wall_torch":3,"minecraft:blue_bed":1,"minecraft:deepslate_copper_ore":5,"minecraft:birch_log":14,"minecraft:iron_ore":23,"minecraft:wheat":25,"minecraft:spruce_log":3,"minecraft:birch_leaves":1,"minecraft:andesite":55,"minecraft:pumpkin":1,"minecraft:deepslate_lapis_ore":5,"minecraft:grass":10,"minecraft:oak_log":127,"minecraft:coal_ore":12,"minecraft:deepslate_iron_ore":33,"minecraft:rail":1,"minecraft:gravel":3,"minecraft:dirt":64,"minecraft:stone":73,"minecraft:oak_leaves":38,"minecraft:deepslate":22},"minecraft:killed_by":{"minecraft:player":3,"minecraft:skeleton":3,"minecraft:enderman":1},"minecraft:dropped":{"minecraft:gravel":1,"minecraft:stone_axe":4,"minecraft:sugar_cane":1,"minecraft:rotten_flesh":1,"minecraft:flint":1,"minecraft:diamond_sword":1,"minecraft:quartz":1},"minecraft:picked_up":{"minecraft:birch_log":14,"minecraft:crafting_table":1,"minecraft:wheat":84,"minecraft:andesite":133,"minecraft:diamond_sword":1,"minecraft:flint":4,"minecraft:tuff":4,"minecraft:oak_log":127,"minecraft:golden_sword":6,"minecraft:red_bed":1,"minecraft:lapis_lazuli":124,"minecraft:dirt":334,"minecraft:paper":27,"minecraft:blue_bed":1,"minecraft:raw_copper":92,"minecraft:bone":1,"minecraft:wheat_seeds":145,"minecraft:cobbled_deepslate":56,"minecraft:raw_gold":30,"minecraft:beef":18,"minecraft:iron_ingot":24,"minecraft:stone_pickaxe":3,"minecraft:iron_pickaxe":3,"minecraft:sugar_cane":151,"minecraft:chest":4,"minecraft:oak_planks":2,"minecraft:egg":2,"minecraft:iron_boots":3,"minecraft:golden_helmet":6,"minecraft:stick":52,"minecraft:raw_iron":118,"minecraft:pumpkin":1,"minecraft:torch":16,"minecraft:quartz":10,"minecraft:gravel":6,"minecraft:golden_axe":1,"minecraft:diorite":46,"minecraft:spruce_log":3,"minecraft:redstone":28,"minecraft:golden_chestplate":1,"minecraft:iron_hoe":4,"minecraft:stone_sword":3,"minecraft:arrow":3,"minecraft:rotten_flesh":3,"minecraft:stone_axe":7,"minecraft:chainmail_leggings":3,"minecraft:iron_helmet":3,"minecraft:granite":39,"minecraft:emerald":3,"minecraft:bread":2,"minecraft:oak_sapling":23,"minecraft:coal":48,"minecraft:rail":1,"minecraft:cobblestone":190},"minecraft:used":{"minecraft:wheat_seeds":56,"minecraft:diorite":21,"minecraft:snow_block":10,"minecraft:tropical_fish":1,"minecraft:stone_shovel":48,"minecraft:stone_pickaxe":181,"minecraft:chest":1,"minecraft:sugar_cane":50,"minecraft:rotten_flesh":11,"minecraft:iron_chestplate":1,"minecraft:torch":20,"minecraft:dirt":105,"minecraft:red_bed":1,"minecraft:crafting_table":2,"minecraft:golden_chestplate":1,"minecraft:granite":10,"minecraft:iron_hoe":51,"minecraft:iron_axe":106,"minecraft:bread":8,"minecraft:iron_pickaxe":132,"minecraft:gravel":10,"minecraft:golden_helmet":1,"minecraft:stone_axe":60,"minecraft:golden_sword":48,"minecraft:beef":18,"minecraft:furnace":1,"minecraft:egg":1,"minecraft:cobbled_deepslate":3,"minecraft:pumpkin":1,"minecraft:golden_axe":35},"minecraft:crafted":{"minecraft:oak_planks":508,"minecraft:emerald":2,"minecraft:crafting_table":1,"minecraft:spruce_planks":12,"minecraft:furnace":1,"minecraft:air":0,"minecraft:paper":63,"minecraft:iron_axe":1,"minecraft:stick":268,"minecraft:iron_ingot":11,"minecraft:iron_pickaxe":1,"minecraft:stone_pickaxe":2,"minecraft:stone_sword":1},"minecraft:custom":{"minecraft:interact_with_furnace":4,"minecraft:mob_kills":3,"minecraft:traded_with_villager":2,"minecraft:interact_with_crafting_table":15,"minecraft:leave_game":5,"minecraft:time_since_death":12023,"minecraft:sleep_in_bed":2,"minecraft:time_since_rest":12179,"minecraft:sprint_one_cm":233105,"minecraft:damage_taken":4592,"minecraft:walk_one_cm":268645,"minecraft:drop":10,"minecraft:damage_dealt":1201,"minecraft:swim_one_cm":14382,"minecraft:talked_to_villager":12,"minecraft:fly_one_cm":536166,"minecraft:open_chest":30,"minecraft:crouch_one_cm":528,"minecraft:play_time":107885,"minecraft:deaths":17,"minecraft:sneak_time":386,"minecraft:walk_under_water_one_cm":3384,"minecraft:boat_one_cm":9583,"minecraft:jump":2239,"minecraft:walk_on_water_one_cm":6093,"minecraft:total_world_time":107885,"minecraft:fall_one_cm":77472},"minecraft:broken":{"minecraft:golden_axe":1},"minecraft:killed":{"minecraft:skeleton":2,"minecraft:zombie":1}},"DataVersion":2975}