{"stats":{"minecraft:mined":{"minecraft:red_bed":1,"minecraft:torch":6,"minecraft:crafting_table":1,"minecraft:granite":1,"minecraft:grass_block":18,"minecraft:chest":1,"minecraft:tall_grass":1,"minecraft:spruce_leaves":2,"minecraft:oak_planks":2,"minecraft:diorite":10,"minecraft:wall_torch":1,"minecraft:blue_bed":1,"minecraft:iron_ore":6,"minecraft:spruce_log":3,"minecraft:andesite":29,"minecraft:grass":7,"minecraft:oak_log":62,"minecraft:deepslate_iron_ore":17,"minecraft:dirt":56,"minecraft:stone":30,"minecraft:oak_leaves":13,"minecraft:deepslate":8},"minecraft:killed_by":{"minecraft:player":3,"minecraft:skeleton":2},"minecraft:dropped":{"minecraft:diamond_sword":1},"minecraft:picked_up":{"minecraft:crafting_table":1,"minecraft:andesite":29,"minecraft:diamond_sword":1,"minecraft:oak_log":62,"minecraft:golden_sword":3,"minecraft:blue_bed":1,"minecraft:dirt":242,"minecraft:red_bed":1,"minecraft:bone":1,"minecraft:wheat_seeds":20,"minecraft:cobbled_deepslate":10,"minecraft:chest":1,"minecraft:oak_planks":2,"minecraft:egg":2,"minecraft:golden_helmet":3,"minecraft:stick":1,"minecraft:raw_iron":23,"minecraft:torch":10,"minecraft:golden_axe":1,"minecraft:diorite":10,"minecraft:spruce_log":3,"minecraft:golden_chestplate":1,"minecraft:iron_hoe":1,"minecraft:arrow":3,"minecraft:granite":1,"minecraft:bread":2,"minecraft:oak_sapling":3,"minecraft:cobblestone":30},"minecraft:used":{"minecraft:diorite":10,"minecraft:snow_block":10,"minecraft:stone_shovel":48,"minecraft:stone_pickaxe":104,"minecraft:rotten_flesh":5,"minecraft:iron_chestplate":1,"minecraft:torch":18,"minecraft:dirt":57,"minecraft:crafting_table":1,"minecraft:golden_chestplate":1,"minecraft:bread":8,"minecraft:golden_helmet":1,"minecraft:stone_axe":60,"minecraft:egg":1,"minecraft:cobbled_deepslate":1,"minecraft:golden_axe":35},"minecraft:custom":{"minecraft:mob_kills":2,"minecraft:interact_with_crafting_table":5,"minecraft:leave_game":2,"minecraft:time_since_death":8450,"minecraft:time_since_rest":8481,"minecraft:sprint_one_cm":115650,"minecraft:damage_taken":3585,"minecraft:walk_one_cm":116050,"minecraft:drop":1,"minecraft:damage_dealt":638,"minecraft:swim_one_cm":6216,"minecraft:fly_one_cm":239886,"minecraft:open_chest":19,"minecraft:crouch_one_cm":475,"minecraft:play_time":43398,"minecraft:deaths":11,"minecraft:sneak_time":124,"minecraft:walk_under_water_one_cm":761,"minecraft:jump":1043,"minecraft:walk_on_water_one_cm":1724,"minecraft:total_world_time":43398,"minecraft:fall_one_cm":47934},"minecraft:crafted":{"minecraft:oak_planks":248,"minecraft:crafting_table":1,"minecraft:spruce_planks":12,"minecraft:stick":8,"minecraft:stone_pickaxe":2,"minecraft:stone_sword":1},"minecraft:broken":{"minecraft:golden_axe":1},"minecraft:killed":{"minecraft:skeleton":2}},"DataVersion":2975}