{"stats":{"minecraft:mined":{"minecraft:spruce_leaves":2},"minecraft:killed_by":{"minecraft:player":2},"minecraft:custom":{"minecraft:jump":29,"minecraft:open_chest":3,"minecraft:time_since_rest":1438,"minecraft:sprint_one_cm":875,"minecraft:crouch_one_cm":192,"minecraft:damage_dealt":2,"minecraft:walk_one_cm":6320,"minecraft:leave_game":1,"minecraft:play_time":3506,"minecraft:damage_taken":774,"minecraft:time_since_death":1397,"minecraft:deaths":2,"minecraft:sneak_time":30,"minecraft:total_world_time":3506,"minecraft:fall_one_cm":1682,"minecraft:fly_one_cm":1494}},"DataVersion":2975}