{"stats":{"minecraft:mined":{"minecraft:tuff":3,"minecraft:white_bed":9,"minecraft:mossy_cobblestone":1,"minecraft:cobblestone_stairs":1,"minecraft:cave_vines_plant":2,"minecraft:granite":1,"minecraft:acacia_log":15,"minecraft:grass_block":393,"minecraft:spruce_leaves":50,"minecraft:spawner":1,"minecraft:large_fern":1,"minecraft:hay_block":19,"minecraft:spruce_sapling":3,"minecraft:furnace":2,"minecraft:iron_ore":14,"minecraft:cobbled_deepslate":12,"minecraft:bell":2,"minecraft:cobblestone_slab":60,"minecraft:cave_vines":2,"minecraft:dirt_path":29,"minecraft:oak_stairs":1,"minecraft:stone":965,"minecraft:orange_bed":3,"minecraft:podzol":14,"minecraft:acacia_leaves":127,"minecraft:crafting_table":7,"minecraft:torch":22,"minecraft:tall_grass":7,"minecraft:cobblestone":130,"minecraft:oak_planks":6,"minecraft:lapis_ore":1,"minecraft:grindstone":1,"minecraft:sugar_cane":18,"minecraft:blue_bed":1,"minecraft:wall_torch":18,"minecraft:birch_log":14,"minecraft:spruce_log":403,"minecraft:yellow_bed":7,"minecraft:grass":67,"minecraft:oak_log":19,"minecraft:coal_ore":103,"minecraft:sand":1,"minecraft:gravel":86,"minecraft:dirt":386,"minecraft:acacia_planks":1,"minecraft:stonecutter":2,"minecraft:oak_leaves":355,"minecraft:deepslate":127},"minecraft:killed_by":{"minecraft:player":1,"minecraft:creeper":1,"minecraft:skeleton":1},"minecraft:dropped":{"minecraft:iron_ingot":6,"minecraft:bread":17,"minecraft:iron_sword":1,"minecraft:wheat_seeds":17,"minecraft:crafting_table":2,"minecraft:book":2,"minecraft:iron_helmet":2,"minecraft:cobblestone":314,"minecraft:glow_berries":2,"minecraft:leather":32,"minecraft:flint":1,"minecraft:cobblestone_stairs":1,"minecraft:stick":37,"minecraft:emerald":61,"minecraft:dirt":11,"minecraft:grass":2,"minecraft:diorite":6,"minecraft:ink_sac":1,"minecraft:torch":29,"minecraft:wooden_axe":1,"minecraft:oak_stairs":1,"minecraft:phantom_membrane":1,"minecraft:iron_pickaxe":2,"minecraft:paper":3,"minecraft:string":2,"minecraft:white_wool":1,"minecraft:gold_ingot":1,"minecraft:oak_door":1,"minecraft:stone_axe":4,"minecraft:cobbled_deepslate":3,"minecraft:wheat":3,"minecraft:stone_shovel":1,"minecraft:rotten_flesh":13,"minecraft:grindstone":1,"minecraft:oak_planks":33,"minecraft:iron_boots":1,"minecraft:shears":1,"minecraft:acacia_leaves":2,"minecraft:flint_and_steel":1,"minecraft:diamond_sword":1,"minecraft:cobblestone_slab":415,"minecraft:gunpowder":3,"minecraft:diamond_pickaxe":1,"minecraft:andesite":6,"minecraft:oak_sapling":2,"minecraft:acacia_sapling":4,"minecraft:bow":1,"minecraft:arrow":4,"minecraft:wooden_pickaxe":3,"minecraft:stone_pickaxe":1},"minecraft:picked_up":{"minecraft:wooden_axe":4,"minecraft:spruce_leaves":15,"minecraft:crafting_table":8,"minecraft:wheat":306,"minecraft:diamond_sword":3,"minecraft:wooden_pickaxe":6,"minecraft:oak_stairs":1,"minecraft:enchanted_book":2,"minecraft:string":2,"minecraft:flint_and_steel":1,"minecraft:diamond_leggings":1,"minecraft:cobbled_deepslate":244,"minecraft:spruce_planks":35,"minecraft:beef":2,"minecraft:cobblestone_slab":564,"minecraft:poppy":3,"minecraft:iron_pickaxe":1,"minecraft:sugar_cane":27,"minecraft:phantom_membrane":2,"minecraft:furnace":2,"minecraft:iron_boots":2,"minecraft:stick":76,"minecraft:raw_iron":46,"minecraft:oak_door":1,"minecraft:torch":65,"minecraft:acacia_log":15,"minecraft:porkchop":15,"minecraft:diorite":6,"minecraft:orange_bed":3,"minecraft:arrow":12,"minecraft:stone_shovel":2,"minecraft:rotten_flesh":30,"minecraft:diamond_chestplate":1,"minecraft:nether_bricks":3,"minecraft:diamond_boots":1,"minecraft:hay_block":23,"minecraft:gold_ingot":2,"minecraft:glow_berries":4,"minecraft:mutton":3,"minecraft:white_wool":3,"minecraft:cobblestone":1251,"minecraft:birch_log":14,"minecraft:cooked_beef":8,"minecraft:andesite":6,"minecraft:acacia_leaves":111,"minecraft:leather":110,"minecraft:potato":1,"minecraft:birch_planks":1,"minecraft:flint":13,"minecraft:tuff":72,"minecraft:oak_log":32,"minecraft:blue_bed":1,"minecraft:yellow_bed":7,"minecraft:gunpowder":3,"minecraft:cobblestone_stairs":3,"minecraft:lapis_lazuli":9,"minecraft:dirt":872,"minecraft:cooked_mutton":1,"minecraft:bone":13,"minecraft:acacia_planks":1,"minecraft:bow":2,"minecraft:stonecutter":1,"minecraft:wheat_seeds":17,"minecraft:bell":2,"minecraft:iron_ingot":14,"minecraft:grindstone":1,"minecraft:stone_pickaxe":4,"minecraft:diamond_helmet":1,"minecraft:iron_sword":2,"minecraft:oak_planks":28,"minecraft:acacia_sapling":4,"minecraft:quartz":192,"minecraft:gravel":89,"minecraft:spruce_sapling":50,"minecraft:ink_sac":1,"minecraft:white_bed":11,"minecraft:spruce_log":434,"minecraft:mossy_cobblestone":2,"minecraft:spruce_boat":1,"minecraft:diamond":2,"minecraft:stone_axe":3,"minecraft:iron_helmet":4,"minecraft:granite":1,"minecraft:grass":2,"minecraft:bread":39,"minecraft:oak_sapling":2,"minecraft:netherrack":118,"minecraft:coal":106,"minecraft:oak_leaves":320,"minecraft:diamond_pickaxe":1},"minecraft:used":{"minecraft:stone_sword":71,"minecraft:iron_shovel":655,"minecraft:stone_shovel":60,"minecraft:spruce_planks":24,"minecraft:netherrack":123,"minecraft:bell":2,"minecraft:rotten_flesh":17,"minecraft:orange_bed":2,"minecraft:spruce_leaves":15,"minecraft:torch":99,"minecraft:dirt":842,"minecraft:tuff":66,"minecraft:spruce_boat":1,"minecraft:wooden_axe":84,"minecraft:iron_axe":250,"minecraft:bow":2,"minecraft:furnace":2,"minecraft:cooked_beef":8,"minecraft:cobbled_deepslate":78,"minecraft:acacia_planks":32,"minecraft:cooked_mutton":1,"minecraft:water_bucket":144,"minecraft:birch_planks":52,"minecraft:stone_pickaxe":240,"minecraft:oak_planks":64,"minecraft:blue_bed":1,"minecraft:wooden_pickaxe":35,"minecraft:cobblestone_slab":753,"minecraft:stonecutter":1,"minecraft:sugar_cane":8,"minecraft:fletching_table":4,"minecraft:oak_leaves":320,"minecraft:crafting_table":12,"minecraft:white_bed":9,"minecraft:acacia_leaves":109,"minecraft:shears":474,"minecraft:wooden_hoe":30,"minecraft:diamond_pickaxe":955,"minecraft:bread":59,"minecraft:iron_pickaxe":230,"minecraft:spruce_sapling":19,"minecraft:gravel":82,"minecraft:stone_axe":152,"minecraft:diamond_sword":200,"minecraft:wooden_sword":15,"minecraft:cobblestone":611,"minecraft:bucket":144,"minecraft:yellow_bed":7,"minecraft:bone_meal":17},"minecraft:custom":{"minecraft:interact_with_anvil":3,"minecraft:mob_kills":51,"minecraft:interact_with_crafting_table":39,"minecraft:bell_ring":174,"minecraft:leave_game":8,"minecraft:time_since_death":319442,"minecraft:sprint_one_cm":505949,"minecraft:walk_one_cm":712946,"minecraft:drop":106,"minecraft:talked_to_villager":42,"minecraft:play_time":388116,"minecraft:sneak_time":50651,"minecraft:deaths":8,"minecraft:walk_under_water_one_cm":21185,"minecraft:boat_one_cm":16028,"minecraft:interact_with_brewingstand":1,"minecraft:jump":5082,"minecraft:walk_on_water_one_cm":130178,"minecraft:total_world_time":388116,"minecraft:interact_with_furnace":21,"minecraft:traded_with_villager":94,"minecraft:interact_with_stonecutter":6,"minecraft:sleep_in_bed":9,"minecraft:time_since_rest":83940,"minecraft:damage_taken":5622,"minecraft:damage_dealt":11587,"minecraft:swim_one_cm":2121,"minecraft:fly_one_cm":733441,"minecraft:open_chest":26,"minecraft:crouch_one_cm":152388,"minecraft:interact_with_smoker":2,"minecraft:fall_one_cm":125214},"minecraft:crafted":{"minecraft:wooden_sword":1,"minecraft:oak_planks":128,"minecraft:stone_shovel":1,"minecraft:furnace":2,"minecraft:bone_meal":21,"minecraft:iron_axe":1,"minecraft:stone_pickaxe":3,"minecraft:spruce_boat":1,"minecraft:wheat":207,"minecraft:cooked_beef":1,"minecraft:diamond_sword":1,"minecraft:emerald":93,"minecraft:crafting_table":8,"minecraft:spruce_planks":1600,"minecraft:wooden_pickaxe":2,"minecraft:fletching_table":4,"minecraft:bucket":2,"minecraft:birch_planks":56,"minecraft:stone_axe":1,"minecraft:bread":69,"minecraft:air":0,"minecraft:book":2,"minecraft:paper":9,"minecraft:diamond_pickaxe":1,"minecraft:stick":3048,"minecraft:iron_ingot":14,"minecraft:iron_pickaxe":1,"minecraft:wooden_axe":2,"minecraft:stone_sword":1,"minecraft:iron_shovel":3,"minecraft:acacia_planks":60,"minecraft:torch":112,"minecraft:shears":3},"minecraft:broken":{"minecraft:iron_shovel":2,"minecraft:shears":2,"minecraft:iron_axe":1,"minecraft:stone_axe":1,"minecraft:wooden_axe":1},"minecraft:killed":{"minecraft:spider":3,"minecraft:phantom":3,"minecraft:skeleton":12,"minecraft:chicken":1,"minecraft:pig":2,"minecraft:iron_golem":1,"minecraft:creeper":3,"minecraft:sheep":1,"minecraft:zombie":24,"minecraft:cow":1}},"DataVersion":2975}