{"stats":{"minecraft:used":{"minecraft:stone_sword":71,"minecraft:iron_shovel":655,"minecraft:stone_shovel":60,"minecraft:oak_sign":23,"minecraft:chest":2,"minecraft:spruce_planks":27,"minecraft:bell":2,"minecraft:rotten_flesh":17,"minecraft:netherrack":123,"minecraft:orange_bed":3,"minecraft:spruce_leaves":15,"minecraft:torch":100,"minecraft:dirt":851,"minecraft:nether_bricks":4,"minecraft:tuff":66,"minecraft:spruce_boat":1,"minecraft:wooden_axe":84,"minecraft:villager_spawn_egg":14,"minecraft:iron_axe":250,"minecraft:bow":2,"minecraft:furnace":2,"minecraft:cooked_beef":8,"minecraft:cobbled_deepslate":78,"minecraft:acacia_planks":33,"minecraft:cooked_mutton":1,"minecraft:water_bucket":160,"minecraft:birch_planks":52,"minecraft:stone_pickaxe":240,"minecraft:oak_planks":64,"minecraft:sugar_cane":8,"minecraft:blue_bed":1,"minecraft:wooden_pickaxe":35,"minecraft:fletching_table":9,"minecraft:cobblestone_slab":841,"minecraft:stonecutter":1,"minecraft:oak_leaves":320,"minecraft:crafting_table":14,"minecraft:white_bed":18,"minecraft:acacia_leaves":109,"minecraft:shears":474,"minecraft:wooden_hoe":30,"minecraft:diamond_pickaxe":992,"minecraft:bread":61,"minecraft:iron_pickaxe":230,"minecraft:lectern":6,"minecraft:spruce_sapling":19,"minecraft:gravel":82,"minecraft:stone_axe":152,"minecraft:diamond_sword":223,"minecraft:wooden_sword":15,"minecraft:cobblestone":620,"minecraft:bucket":161,"minecraft:yellow_bed":7,"minecraft:bone_meal":17},"minecraft:picked_up":{"minecraft:wooden_axe":4,"minecraft:spruce_leaves":15,"minecraft:crafting_table":8,"minecraft:wheat":306,"minecraft:diamond_sword":3,"minecraft:wooden_pickaxe":6,"minecraft:oak_stairs":1,"minecraft:enchanted_book":2,"minecraft:string":2,"minecraft:flint_and_steel":1,"minecraft:iron_shovel":1,"minecraft:diamond_leggings":1,"minecraft:cobbled_deepslate":244,"minecraft:spruce_planks":85,"minecraft:beef":2,"minecraft:cobblestone_slab":592,"minecraft:poppy":3,"minecraft:iron_pickaxe":1,"minecraft:lectern":1,"minecraft:sugar_cane":27,"minecraft:phantom_membrane":2,"minecraft:iron_boots":2,"minecraft:furnace":2,"minecraft:stick":76,"minecraft:raw_iron":46,"minecraft:oak_door":1,"minecraft:torch":70,"minecraft:acacia_log":15,"minecraft:porkchop":15,"minecraft:diorite":6,"minecraft:orange_bed":3,"minecraft:arrow":12,"minecraft:stone_shovel":2,"minecraft:rotten_flesh":30,"minecraft:diamond_chestplate":1,"minecraft:nether_bricks":5,"minecraft:diamond_boots":1,"minecraft:hay_block":23,"minecraft:gold_ingot":2,"minecraft:glow_berries":4,"minecraft:mutton":3,"minecraft:white_wool":3,"minecraft:cobblestone":1275,"minecraft:birch_log":14,"minecraft:cooked_beef":9,"minecraft:andesite":6,"minecraft:acacia_leaves":111,"minecraft:leather":110,"minecraft:potato":1,"minecraft:birch_planks":1,"minecraft:flint":13,"minecraft:tuff":72,"minecraft:oak_log":32,"minecraft:yellow_bed":7,"minecraft:gunpowder":3,"minecraft:cobblestone_stairs":3,"minecraft:lapis_lazuli":9,"minecraft:dirt":882,"minecraft:blue_bed":1,"minecraft:cooked_mutton":1,"minecraft:bone":13,"minecraft:acacia_planks":1,"minecraft:bow":2,"minecraft:stonecutter":1,"minecraft:wheat_seeds":17,"minecraft:bell":2,"minecraft:iron_ingot":15,"minecraft:grindstone":1,"minecraft:stone_pickaxe":4,"minecraft:diamond_helmet":1,"minecraft:iron_sword":2,"minecraft:oak_planks":28,"minecraft:acacia_sapling":4,"minecraft:quartz":192,"minecraft:gravel":89,"minecraft:spruce_sapling":50,"minecraft:ink_sac":1,"minecraft:white_bed":11,"minecraft:spruce_log":434,"minecraft:mossy_cobblestone":2,"minecraft:diamond":2,"minecraft:spruce_boat":1,"minecraft:stone_axe":3,"minecraft:iron_helmet":4,"minecraft:granite":1,"minecraft:bone_meal":5,"minecraft:grass":2,"minecraft:bread":39,"minecraft:oak_sapling":2,"minecraft:netherrack":122,"minecraft:coal":107,"minecraft:oak_leaves":320,"minecraft:diamond_pickaxe":1},"minecraft:killed":{"minecraft:spider":3,"minecraft:phantom":3,"minecraft:skeleton":12,"minecraft:chicken":1,"minecraft:pig":2,"minecraft:iron_golem":1,"minecraft:creeper":3,"minecraft:sheep":1,"minecraft:zombie":24,"minecraft:villager":3,"minecraft:cow":1},"minecraft:custom":{"minecraft:interact_with_anvil":3,"minecraft:mob_kills":54,"minecraft:interact_with_crafting_table":41,"minecraft:bell_ring":174,"minecraft:leave_game":9,"minecraft:time_since_death":346596,"minecraft:sprint_one_cm":521266,"minecraft:walk_one_cm":759767,"minecraft:drop":170,"minecraft:talked_to_villager":50,"minecraft:play_time":415270,"minecraft:sneak_time":50886,"minecraft:deaths":8,"minecraft:walk_under_water_one_cm":22458,"minecraft:boat_one_cm":16028,"minecraft:interact_with_brewingstand":1,"minecraft:jump":5304,"minecraft:walk_on_water_one_cm":148796,"minecraft:total_world_time":415270,"minecraft:interact_with_furnace":21,"minecraft:traded_with_villager":94,"minecraft:interact_with_stonecutter":6,"minecraft:sleep_in_bed":10,"minecraft:time_since_rest":4522,"minecraft:damage_taken":5635,"minecraft:damage_dealt":12772,"minecraft:swim_one_cm":2121,"minecraft:fly_one_cm":759247,"minecraft:open_chest":27,"minecraft:crouch_one_cm":152717,"minecraft:interact_with_smoker":2,"minecraft:fall_one_cm":125952},"minecraft:broken":{"minecraft:iron_shovel":2,"minecraft:shears":2,"minecraft:iron_axe":1,"minecraft:stone_axe":1,"minecraft:wooden_axe":1},"minecraft:mined":{"minecraft:tuff":3,"minecraft:white_bed":9,"minecraft:mossy_cobblestone":1,"minecraft:cobblestone_stairs":1,"minecraft:cave_vines_plant":2,"minecraft:nether_bricks":2,"minecraft:granite":1,"minecraft:acacia_log":15,"minecraft:grass_block":394,"minecraft:spruce_leaves":50,"minecraft:spawner":1,"minecraft:large_fern":1,"minecraft:hay_block":19,"minecraft:spruce_sapling":3,"minecraft:furnace":2,"minecraft:iron_ore":14,"minecraft:cobbled_deepslate":12,"minecraft:bell":2,"minecraft:dirt_path":29,"minecraft:cobblestone_slab":76,"minecraft:cave_vines":2,"minecraft:oak_stairs":1,"minecraft:stone":965,"minecraft:orange_bed":3,"minecraft:podzol":14,"minecraft:acacia_leaves":127,"minecraft:crafting_table":7,"minecraft:torch":22,"minecraft:lectern":1,"minecraft:tall_grass":7,"minecraft:cobblestone":146,"minecraft:oak_planks":6,"minecraft:sugar_cane":18,"minecraft:lapis_ore":1,"minecraft:grindstone":1,"minecraft:blue_bed":1,"minecraft:wall_torch":19,"minecraft:birch_log":14,"minecraft:spruce_log":403,"minecraft:yellow_bed":7,"minecraft:grass":67,"minecraft:coal_ore":103,"minecraft:oak_log":19,"minecraft:gravel":86,"minecraft:dirt":395,"minecraft:sand":1,"minecraft:acacia_planks":1,"minecraft:stonecutter":2,"minecraft:netherrack":3,"minecraft:oak_leaves":356,"minecraft:deepslate":127},"minecraft:dropped":{"minecraft:iron_ingot":7,"minecraft:bread":17,"minecraft:iron_sword":1,"minecraft:wheat_seeds":17,"minecraft:cooked_beef":1,"minecraft:crafting_table":2,"minecraft:book":2,"minecraft:iron_helmet":2,"minecraft:cobblestone":322,"minecraft:glow_berries":2,"minecraft:leather":32,"minecraft:coal":1,"minecraft:flint":1,"minecraft:stick":37,"minecraft:cobblestone_stairs":1,"minecraft:emerald":61,"minecraft:dirt":11,"minecraft:grass":2,"minecraft:diorite":6,"minecraft:ink_sac":1,"minecraft:torch":29,"minecraft:wooden_axe":1,"minecraft:bone_meal":5,"minecraft:oak_stairs":1,"minecraft:phantom_membrane":2,"minecraft:iron_pickaxe":2,"minecraft:iron_shovel":1,"minecraft:paper":3,"minecraft:string":2,"minecraft:white_wool":1,"minecraft:gold_ingot":1,"minecraft:oak_door":1,"minecraft:stone_axe":4,"minecraft:cobbled_deepslate":3,"minecraft:wheat":3,"minecraft:stone_shovel":1,"minecraft:rotten_flesh":13,"minecraft:grindstone":1,"minecraft:oak_planks":33,"minecraft:iron_boots":1,"minecraft:carrot":36,"minecraft:nether_bricks":1,"minecraft:shears":1,"minecraft:acacia_leaves":2,"minecraft:flint_and_steel":1,"minecraft:diamond_sword":1,"minecraft:cobblestone_slab":417,"minecraft:gunpowder":3,"minecraft:spruce_planks":50,"minecraft:diamond_pickaxe":1,"minecraft:andesite":6,"minecraft:oak_sapling":2,"minecraft:acacia_sapling":4,"minecraft:bow":2,"minecraft:arrow":4,"minecraft:stone_pickaxe":2,"minecraft:wooden_pickaxe":3,"minecraft:netherrack":1},"minecraft:crafted":{"minecraft:wooden_sword":1,"minecraft:oak_planks":384,"minecraft:oak_sign":12,"minecraft:stone_shovel":1,"minecraft:furnace":2,"minecraft:bone_meal":21,"minecraft:iron_axe":1,"minecraft:stone_pickaxe":3,"minecraft:chest":2,"minecraft:spruce_boat":1,"minecraft:wheat":207,"minecraft:cooked_beef":1,"minecraft:diamond_sword":1,"minecraft:emerald":93,"minecraft:crafting_table":11,"minecraft:spruce_planks":1600,"minecraft:wooden_pickaxe":2,"minecraft:fletching_table":4,"minecraft:bucket":2,"minecraft:birch_planks":56,"minecraft:stone_axe":1,"minecraft:bread":69,"minecraft:air":0,"minecraft:book":2,"minecraft:paper":9,"minecraft:diamond_pickaxe":1,"minecraft:stick":3048,"minecraft:iron_ingot":14,"minecraft:iron_pickaxe":1,"minecraft:wooden_axe":2,"minecraft:stone_sword":1,"minecraft:iron_shovel":3,"minecraft:acacia_planks":60,"minecraft:torch":112,"minecraft:shears":3},"minecraft:killed_by":{"minecraft:player":1,"minecraft:creeper":1,"minecraft:skeleton":1}},"DataVersion":2975}