{"stats":{"minecraft:mined":{"minecraft:tuff":3,"minecraft:white_bed":6,"minecraft:mossy_cobblestone":1,"minecraft:cobblestone_stairs":1,"minecraft:cave_vines_plant":2,"minecraft:granite":1,"minecraft:acacia_log":15,"minecraft:grass_block":284,"minecraft:spruce_leaves":50,"minecraft:spawner":1,"minecraft:large_fern":1,"minecraft:hay_block":19,"minecraft:spruce_sapling":3,"minecraft:furnace":2,"minecraft:iron_ore":14,"minecraft:cobbled_deepslate":2,"minecraft:bell":2,"minecraft:cobblestone_slab":60,"minecraft:cave_vines":2,"minecraft:dirt_path":29,"minecraft:oak_stairs":1,"minecraft:stone":965,"minecraft:podzol":14,"minecraft:acacia_leaves":127,"minecraft:crafting_table":7,"minecraft:torch":21,"minecraft:tall_grass":5,"minecraft:cobblestone":126,"minecraft:oak_planks":5,"minecraft:lapis_ore":1,"minecraft:grindstone":1,"minecraft:sugar_cane":18,"minecraft:wall_torch":17,"minecraft:birch_log":14,"minecraft:spruce_log":403,"minecraft:yellow_bed":7,"minecraft:grass":65,"minecraft:oak_log":19,"minecraft:coal_ore":103,"minecraft:sand":1,"minecraft:gravel":85,"minecraft:dirt":329,"minecraft:stonecutter":2,"minecraft:oak_leaves":354,"minecraft:deepslate":127},"minecraft:killed_by":{"minecraft:player":1,"minecraft:creeper":1,"minecraft:skeleton":1},"minecraft:dropped":{"minecraft:iron_ingot":6,"minecraft:bread":12,"minecraft:iron_sword":1,"minecraft:wheat_seeds":2,"minecraft:book":2,"minecraft:iron_helmet":2,"minecraft:cobblestone":310,"minecraft:glow_berries":2,"minecraft:leather":32,"minecraft:flint":1,"minecraft:cobblestone_stairs":1,"minecraft:stick":3,"minecraft:emerald":61,"minecraft:dirt":1,"minecraft:grass":2,"minecraft:ink_sac":1,"minecraft:torch":29,"minecraft:wooden_axe":1,"minecraft:oak_stairs":1,"minecraft:iron_pickaxe":2,"minecraft:string":2,"minecraft:white_wool":1,"minecraft:gold_ingot":1,"minecraft:oak_door":1,"minecraft:stone_axe":4,"minecraft:wheat":3,"minecraft:stone_shovel":1,"minecraft:grindstone":1,"minecraft:oak_planks":32,"minecraft:iron_boots":1,"minecraft:shears":1,"minecraft:acacia_leaves":2,"minecraft:flint_and_steel":1,"minecraft:diamond_sword":1,"minecraft:cobblestone_slab":410,"minecraft:gunpowder":3,"minecraft:diamond_pickaxe":1,"minecraft:andesite":6,"minecraft:oak_sapling":2,"minecraft:acacia_sapling":4,"minecraft:arrow":4,"minecraft:wooden_pickaxe":3,"minecraft:stone_pickaxe":1},"minecraft:picked_up":{"minecraft:wooden_axe":4,"minecraft:spruce_leaves":15,"minecraft:crafting_table":7,"minecraft:wheat":306,"minecraft:diamond_sword":3,"minecraft:wooden_pickaxe":6,"minecraft:oak_stairs":1,"minecraft:enchanted_book":2,"minecraft:string":2,"minecraft:flint_and_steel":1,"minecraft:diamond_leggings":1,"minecraft:cobbled_deepslate":175,"minecraft:spruce_planks":35,"minecraft:beef":2,"minecraft:cobblestone_slab":554,"minecraft:iron_pickaxe":1,"minecraft:sugar_cane":27,"minecraft:phantom_membrane":1,"minecraft:furnace":2,"minecraft:iron_boots":2,"minecraft:stick":48,"minecraft:raw_iron":46,"minecraft:oak_door":1,"minecraft:torch":62,"minecraft:acacia_log":15,"minecraft:porkchop":15,"minecraft:arrow":12,"minecraft:stone_shovel":2,"minecraft:rotten_flesh":30,"minecraft:diamond_chestplate":1,"minecraft:diamond_boots":1,"minecraft:hay_block":23,"minecraft:gold_ingot":2,"minecraft:glow_berries":4,"minecraft:mutton":3,"minecraft:white_wool":3,"minecraft:cobblestone":1181,"minecraft:birch_log":14,"minecraft:cooked_beef":8,"minecraft:andesite":6,"minecraft:acacia_leaves":111,"minecraft:leather":110,"minecraft:potato":1,"minecraft:birch_planks":1,"minecraft:flint":12,"minecraft:tuff":56,"minecraft:oak_log":32,"minecraft:yellow_bed":7,"minecraft:gunpowder":3,"minecraft:cobblestone_stairs":3,"minecraft:lapis_lazuli":9,"minecraft:dirt":698,"minecraft:cooked_mutton":1,"minecraft:bone":13,"minecraft:bow":1,"minecraft:stonecutter":1,"minecraft:wheat_seeds":12,"minecraft:bell":2,"minecraft:iron_ingot":6,"minecraft:grindstone":1,"minecraft:stone_pickaxe":4,"minecraft:diamond_helmet":1,"minecraft:iron_sword":2,"minecraft:oak_planks":27,"minecraft:acacia_sapling":4,"minecraft:gravel":88,"minecraft:spruce_sapling":50,"minecraft:ink_sac":1,"minecraft:white_bed":8,"minecraft:spruce_log":410,"minecraft:mossy_cobblestone":2,"minecraft:diamond":2,"minecraft:stone_axe":3,"minecraft:iron_helmet":4,"minecraft:granite":1,"minecraft:grass":2,"minecraft:bread":30,"minecraft:oak_sapling":2,"minecraft:coal":106,"minecraft:oak_leaves":320,"minecraft:diamond_pickaxe":1},"minecraft:used":{"minecraft:stone_sword":71,"minecraft:iron_shovel":514,"minecraft:stone_shovel":60,"minecraft:spruce_planks":24,"minecraft:bell":2,"minecraft:rotten_flesh":17,"minecraft:spruce_leaves":15,"minecraft:torch":89,"minecraft:dirt":653,"minecraft:tuff":50,"minecraft:wooden_axe":84,"minecraft:iron_axe":250,"minecraft:furnace":2,"minecraft:cooked_beef":6,"minecraft:cobbled_deepslate":12,"minecraft:acacia_planks":32,"minecraft:cooked_mutton":1,"minecraft:water_bucket":132,"minecraft:birch_planks":52,"minecraft:stone_pickaxe":240,"minecraft:oak_planks":64,"minecraft:wooden_pickaxe":35,"minecraft:cobblestone_slab":753,"minecraft:stonecutter":1,"minecraft:sugar_cane":8,"minecraft:fletching_table":4,"minecraft:oak_leaves":320,"minecraft:crafting_table":12,"minecraft:white_bed":6,"minecraft:acacia_leaves":109,"minecraft:shears":474,"minecraft:wooden_hoe":30,"minecraft:diamond_pickaxe":939,"minecraft:bread":59,"minecraft:iron_pickaxe":230,"minecraft:spruce_sapling":19,"minecraft:gravel":79,"minecraft:stone_axe":152,"minecraft:diamond_sword":176,"minecraft:wooden_sword":15,"minecraft:cobblestone":545,"minecraft:bucket":133,"minecraft:yellow_bed":7,"minecraft:bone_meal":17},"minecraft:custom":{"minecraft:mob_kills":49,"minecraft:interact_with_crafting_table":37,"minecraft:bell_ring":153,"minecraft:leave_game":8,"minecraft:time_since_death":283442,"minecraft:sprint_one_cm":465860,"minecraft:walk_one_cm":608495,"minecraft:drop":85,"minecraft:talked_to_villager":38,"minecraft:play_time":352116,"minecraft:sneak_time":45665,"minecraft:deaths":8,"minecraft:walk_under_water_one_cm":19208,"minecraft:interact_with_brewingstand":1,"minecraft:jump":4594,"minecraft:walk_on_water_one_cm":126059,"minecraft:total_world_time":352116,"minecraft:interact_with_furnace":21,"minecraft:traded_with_villager":94,"minecraft:interact_with_stonecutter":6,"minecraft:sleep_in_bed":9,"minecraft:time_since_rest":47940,"minecraft:damage_taken":5516,"minecraft:damage_dealt":10268,"minecraft:swim_one_cm":2121,"minecraft:fly_one_cm":693191,"minecraft:open_chest":26,"minecraft:crouch_one_cm":138366,"minecraft:interact_with_smoker":2,"minecraft:fall_one_cm":116410},"minecraft:crafted":{"minecraft:wooden_sword":1,"minecraft:oak_planks":128,"minecraft:stone_shovel":1,"minecraft:furnace":2,"minecraft:bone_meal":21,"minecraft:iron_axe":1,"minecraft:stone_pickaxe":3,"minecraft:wheat":207,"minecraft:cooked_beef":1,"minecraft:diamond_sword":1,"minecraft:emerald":93,"minecraft:crafting_table":8,"minecraft:spruce_planks":1504,"minecraft:wooden_pickaxe":2,"minecraft:fletching_table":4,"minecraft:bucket":2,"minecraft:birch_planks":56,"minecraft:stone_axe":1,"minecraft:bread":69,"minecraft:air":0,"minecraft:book":2,"minecraft:paper":9,"minecraft:diamond_pickaxe":1,"minecraft:stick":3020,"minecraft:iron_ingot":14,"minecraft:iron_pickaxe":1,"minecraft:wooden_axe":2,"minecraft:stone_sword":1,"minecraft:iron_shovel":3,"minecraft:acacia_planks":60,"minecraft:torch":112,"minecraft:shears":3},"minecraft:broken":{"minecraft:iron_shovel":2,"minecraft:shears":2,"minecraft:iron_axe":1,"minecraft:stone_axe":1,"minecraft:wooden_axe":1},"minecraft:killed":{"minecraft:spider":3,"minecraft:phantom":2,"minecraft:skeleton":12,"minecraft:chicken":1,"minecraft:pig":2,"minecraft:creeper":3,"minecraft:sheep":1,"minecraft:zombie":24,"minecraft:cow":1}},"DataVersion":2975}