{"stats":{"minecraft:used":{"minecraft:stone_sword":71,"minecraft:stone_shovel":60,"minecraft:spruce_planks":24,"minecraft:bell":2,"minecraft:rotten_flesh":11,"minecraft:torch":21,"minecraft:dirt":53,"minecraft:tuff":50,"minecraft:wooden_axe":84,"minecraft:furnace":2,"minecraft:cooked_beef":2,"minecraft:acacia_planks":32,"minecraft:cobbled_deepslate":3,"minecraft:cooked_mutton":1,"minecraft:birch_planks":52,"minecraft:stone_pickaxe":238,"minecraft:oak_planks":54,"minecraft:wooden_pickaxe":32,"minecraft:sugar_cane":7,"minecraft:crafting_table":9,"minecraft:white_bed":6,"minecraft:bread":19,"minecraft:spruce_sapling":4,"minecraft:stone_axe":128,"minecraft:diamond_sword":45,"minecraft:wooden_sword":15,"minecraft:cobblestone":69,"minecraft:yellow_bed":6,"minecraft:bone_meal":6},"minecraft:picked_up":{"minecraft:wooden_axe":4,"minecraft:crafting_table":5,"minecraft:wheat":306,"minecraft:diamond_sword":2,"minecraft:wooden_pickaxe":4,"minecraft:oak_stairs":1,"minecraft:string":2,"minecraft:cobbled_deepslate":174,"minecraft:spruce_planks":35,"minecraft:beef":2,"minecraft:sugar_cane":7,"minecraft:furnace":1,"minecraft:iron_boots":2,"minecraft:raw_iron":46,"minecraft:stick":36,"minecraft:oak_door":1,"minecraft:torch":32,"minecraft:acacia_log":14,"minecraft:porkchop":15,"minecraft:stone_shovel":2,"minecraft:arrow":10,"minecraft:rotten_flesh":11,"minecraft:hay_block":23,"minecraft:gold_ingot":2,"minecraft:glow_berries":4,"minecraft:mutton":3,"minecraft:cobblestone":153,"minecraft:white_wool":3,"minecraft:birch_log":14,"minecraft:cooked_beef":1,"minecraft:leather":95,"minecraft:potato":1,"minecraft:birch_planks":1,"minecraft:flint":3,"minecraft:tuff":56,"minecraft:oak_log":16,"minecraft:yellow_bed":6,"minecraft:cobblestone_stairs":3,"minecraft:lapis_lazuli":9,"minecraft:dirt":77,"minecraft:cooked_mutton":1,"minecraft:bone":7,"minecraft:bow":1,"minecraft:bell":2,"minecraft:stone_pickaxe":3,"minecraft:grindstone":1,"minecraft:oak_planks":27,"minecraft:iron_sword":2,"minecraft:acacia_sapling":4,"minecraft:gravel":13,"minecraft:spruce_sapling":12,"minecraft:ink_sac":1,"minecraft:white_bed":8,"minecraft:spruce_log":131,"minecraft:mossy_cobblestone":2,"minecraft:diamond":2,"minecraft:stone_axe":3,"minecraft:iron_helmet":4,"minecraft:granite":1,"minecraft:bread":30,"minecraft:coal":5},"minecraft:killed":{"minecraft:spider":2,"minecraft:skeleton":4,"minecraft:pig":2,"minecraft:sheep":1,"minecraft:zombie":8,"minecraft:cow":1},"minecraft:custom":{"minecraft:mob_kills":18,"minecraft:interact_with_crafting_table":21,"minecraft:bell_ring":153,"minecraft:leave_game":5,"minecraft:time_since_death":34920,"minecraft:sprint_one_cm":170012,"minecraft:walk_one_cm":211062,"minecraft:drop":35,"minecraft:talked_to_villager":9,"minecraft:play_time":103594,"minecraft:deaths":8,"minecraft:sneak_time":5543,"minecraft:walk_under_water_one_cm":14883,"minecraft:jump":1458,"minecraft:walk_on_water_one_cm":6501,"minecraft:total_world_time":103594,"minecraft:interact_with_furnace":21,"minecraft:traded_with_villager":21,"minecraft:sleep_in_bed":4,"minecraft:time_since_rest":12379,"minecraft:damage_taken":3691,"minecraft:damage_dealt":3787,"minecraft:swim_one_cm":2121,"minecraft:fly_one_cm":241030,"minecraft:open_chest":11,"minecraft:crouch_one_cm":12265,"minecraft:fall_one_cm":46394},"minecraft:broken":{"minecraft:wooden_axe":1},"minecraft:mined":{"minecraft:tuff":3,"minecraft:white_bed":6,"minecraft:mossy_cobblestone":1,"minecraft:cobblestone_stairs":1,"minecraft:cave_vines_plant":2,"minecraft:granite":1,"minecraft:acacia_log":14,"minecraft:grass_block":22,"minecraft:spruce_leaves":20,"minecraft:spawner":1,"minecraft:large_fern":1,"minecraft:hay_block":19,"minecraft:furnace":1,"minecraft:iron_ore":14,"minecraft:cobbled_deepslate":1,"minecraft:bell":2,"minecraft:cave_vines":2,"minecraft:dirt_path":24,"minecraft:oak_stairs":1,"minecraft:stone":86,"minecraft:acacia_leaves":10,"minecraft:crafting_table":5,"minecraft:torch":6,"minecraft:cobblestone":10,"minecraft:lapis_ore":1,"minecraft:grindstone":1,"minecraft:oak_planks":5,"minecraft:sugar_cane":3,"minecraft:wall_torch":15,"minecraft:birch_log":14,"minecraft:spruce_log":137,"minecraft:yellow_bed":6,"minecraft:grass":27,"minecraft:oak_log":19,"minecraft:coal_ore":2,"minecraft:gravel":16,"minecraft:dirt":13,"minecraft:deepslate":127},"minecraft:dropped":{"minecraft:bread":12,"minecraft:iron_sword":1,"minecraft:iron_helmet":2,"minecraft:cobblestone":1,"minecraft:glow_berries":2,"minecraft:leather":2,"minecraft:cobblestone_stairs":1,"minecraft:wooden_axe":1,"minecraft:oak_stairs":1,"minecraft:string":2,"minecraft:white_wool":1,"minecraft:gold_ingot":1,"minecraft:oak_door":1,"minecraft:stone_axe":1,"minecraft:wheat":2,"minecraft:grindstone":1,"minecraft:iron_boots":1,"minecraft:acacia_sapling":4,"minecraft:arrow":4},"minecraft:crafted":{"minecraft:wooden_sword":1,"minecraft:oak_planks":64,"minecraft:stone_shovel":1,"minecraft:furnace":2,"minecraft:bone_meal":15,"minecraft:iron_axe":1,"minecraft:stone_pickaxe":3,"minecraft:wheat":207,"minecraft:cooked_beef":1,"minecraft:diamond_sword":1,"minecraft:emerald":21,"minecraft:crafting_table":6,"minecraft:spruce_planks":360,"minecraft:wooden_pickaxe":2,"minecraft:birch_planks":56,"minecraft:stone_axe":1,"minecraft:bread":48,"minecraft:air":0,"minecraft:stick":728,"minecraft:iron_ingot":14,"minecraft:wooden_axe":2,"minecraft:stone_sword":1,"minecraft:acacia_planks":56,"minecraft:torch":4},"minecraft:killed_by":{"minecraft:player":1,"minecraft:creeper":1,"minecraft:skeleton":1}},"DataVersion":2975}