{"stats":{"minecraft:picked_up":{"minecraft:wooden_axe":4,"minecraft:birch_log":7,"minecraft:wheat":306,"minecraft:crafting_table":4,"minecraft:cooked_beef":1,"minecraft:diamond_sword":2,"minecraft:leather":93,"minecraft:wooden_pickaxe":4,"minecraft:oak_stairs":1,"minecraft:potato":1,"minecraft:birch_planks":1,"minecraft:flint":3,"minecraft:tuff":56,"minecraft:oak_log":16,"minecraft:yellow_bed":6,"minecraft:cobblestone_stairs":3,"minecraft:string":2,"minecraft:lapis_lazuli":9,"minecraft:dirt":77,"minecraft:cooked_mutton":1,"minecraft:bone":5,"minecraft:cobbled_deepslate":174,"minecraft:bell":2,"minecraft:spruce_planks":35,"minecraft:grindstone":1,"minecraft:beef":2,"minecraft:stone_pickaxe":3,"minecraft:iron_sword":2,"minecraft:oak_planks":27,"minecraft:iron_boots":2,"minecraft:furnace":1,"minecraft:raw_iron":46,"minecraft:stick":29,"minecraft:oak_door":1,"minecraft:torch":32,"minecraft:acacia_log":8,"minecraft:gravel":13,"minecraft:porkchop":15,"minecraft:spruce_sapling":3,"minecraft:white_bed":8,"minecraft:spruce_log":46,"minecraft:mossy_cobblestone":2,"minecraft:stone_shovel":2,"minecraft:arrow":8,"minecraft:rotten_flesh":10,"minecraft:diamond":2,"minecraft:stone_axe":2,"minecraft:iron_helmet":4,"minecraft:hay_block":23,"minecraft:granite":1,"minecraft:gold_ingot":2,"minecraft:bread":28,"minecraft:mutton":3,"minecraft:glow_berries":3,"minecraft:coal":5,"minecraft:white_wool":3,"minecraft:cobblestone":153},"minecraft:killed":{"minecraft:pig":2,"minecraft:spider":2,"minecraft:sheep":1,"minecraft:skeleton":1,"minecraft:zombie":7,"minecraft:cow":1},"minecraft:crafted":{"minecraft:cooked_beef":1,"minecraft:wooden_sword":1,"minecraft:oak_planks":64,"minecraft:stone_shovel":1,"minecraft:diamond_sword":1,"minecraft:crafting_table":5,"minecraft:spruce_planks":64,"minecraft:wooden_pickaxe":2,"minecraft:furnace":1,"minecraft:birch_planks":28,"minecraft:stone_axe":1,"minecraft:bread":19,"minecraft:air":0,"minecraft:stick":40,"minecraft:stone_pickaxe":3,"minecraft:wooden_axe":2,"minecraft:stone_sword":1,"minecraft:acacia_planks":32,"minecraft:torch":4,"minecraft:wheat":207},"minecraft:killed_by":{"minecraft:player":1,"minecraft:skeleton":1,"minecraft:creeper":1},"minecraft:custom":{"minecraft:interact_with_furnace":9,"minecraft:mob_kills":14,"minecraft:interact_with_crafting_table":18,"minecraft:bell_ring":153,"minecraft:leave_game":5,"minecraft:time_since_death":12058,"minecraft:sleep_in_bed":3,"minecraft:time_since_rest":894,"minecraft:sprint_one_cm":134016,"minecraft:damage_taken":3377,"minecraft:walk_one_cm":175178,"minecraft:drop":3,"minecraft:damage_dealt":3029,"minecraft:talked_to_villager":2,"minecraft:swim_one_cm":2121,"minecraft:fly_one_cm":154403,"minecraft:open_chest":7,"minecraft:crouch_one_cm":12191,"minecraft:play_time":80732,"minecraft:deaths":8,"minecraft:sneak_time":5272,"minecraft:walk_under_water_one_cm":14438,"minecraft:jump":1121,"minecraft:walk_on_water_one_cm":5281,"minecraft:total_world_time":80732,"minecraft:fall_one_cm":38197},"minecraft:mined":{"minecraft:tuff":3,"minecraft:acacia_leaves":1,"minecraft:white_bed":6,"minecraft:mossy_cobblestone":1,"minecraft:cobblestone_stairs":1,"minecraft:crafting_table":4,"minecraft:torch":6,"minecraft:cave_vines_plant":2,"minecraft:granite":1,"minecraft:acacia_log":8,"minecraft:grass_block":22,"minecraft:cobblestone":10,"minecraft:spruce_leaves":6,"minecraft:lapis_ore":1,"minecraft:grindstone":1,"minecraft:oak_planks":5,"minecraft:wall_torch":15,"minecraft:spawner":1,"minecraft:large_fern":1,"minecraft:hay_block":19,"minecraft:furnace":1,"minecraft:birch_log":7,"minecraft:iron_ore":14,"minecraft:cobbled_deepslate":1,"minecraft:spruce_log":46,"minecraft:yellow_bed":6,"minecraft:bell":2,"minecraft:grass":25,"minecraft:dirt_path":24,"minecraft:coal_ore":2,"minecraft:oak_log":19,"minecraft:cave_vines":2,"minecraft:oak_stairs":1,"minecraft:gravel":16,"minecraft:dirt":13,"minecraft:stone":86,"minecraft:deepslate":127},"minecraft:used":{"minecraft:cooked_mutton":1,"minecraft:stone_sword":71,"minecraft:birch_planks":52,"minecraft:stone_shovel":60,"minecraft:stone_pickaxe":238,"minecraft:oak_planks":54,"minecraft:spruce_planks":24,"minecraft:wooden_pickaxe":32,"minecraft:bell":2,"minecraft:rotten_flesh":11,"minecraft:torch":21,"minecraft:dirt":51,"minecraft:crafting_table":7,"minecraft:white_bed":6,"minecraft:tuff":50,"minecraft:wooden_axe":84,"minecraft:bread":11,"minecraft:stone_axe":17,"minecraft:diamond_sword":28,"minecraft:wooden_sword":15,"minecraft:cobblestone":69,"minecraft:furnace":1,"minecraft:yellow_bed":6,"minecraft:cooked_beef":2,"minecraft:cobbled_deepslate":3,"minecraft:acacia_planks":32},"minecraft:broken":{"minecraft:wooden_axe":1},"minecraft:dropped":{"minecraft:iron_helmet":2,"minecraft:cobblestone":1}},"DataVersion":2975}