{"stats":{"minecraft:used":{"minecraft:stone_sword":71,"minecraft:stone_shovel":60,"minecraft:spruce_planks":24,"minecraft:bell":2,"minecraft:rotten_flesh":11,"minecraft:torch":21,"minecraft:dirt":53,"minecraft:tuff":50,"minecraft:wooden_axe":84,"minecraft:iron_axe":250,"minecraft:furnace":2,"minecraft:cooked_beef":2,"minecraft:acacia_planks":32,"minecraft:cobbled_deepslate":3,"minecraft:cooked_mutton":1,"minecraft:birch_planks":52,"minecraft:stone_pickaxe":238,"minecraft:oak_planks":54,"minecraft:wooden_pickaxe":35,"minecraft:sugar_cane":7,"minecraft:crafting_table":10,"minecraft:white_bed":6,"minecraft:bread":24,"minecraft:spruce_sapling":19,"minecraft:stone_axe":152,"minecraft:diamond_sword":57,"minecraft:wooden_sword":15,"minecraft:cobblestone":69,"minecraft:yellow_bed":6,"minecraft:bone_meal":17},"minecraft:picked_up":{"minecraft:wooden_axe":4,"minecraft:crafting_table":6,"minecraft:wheat":306,"minecraft:diamond_sword":2,"minecraft:wooden_pickaxe":4,"minecraft:oak_stairs":1,"minecraft:string":2,"minecraft:flint_and_steel":1,"minecraft:diamond_leggings":1,"minecraft:cobbled_deepslate":174,"minecraft:spruce_planks":35,"minecraft:beef":2,"minecraft:sugar_cane":7,"minecraft:furnace":2,"minecraft:iron_boots":2,"minecraft:raw_iron":46,"minecraft:stick":45,"minecraft:oak_door":1,"minecraft:torch":33,"minecraft:acacia_log":14,"minecraft:porkchop":15,"minecraft:diamond_chestplate":1,"minecraft:stone_shovel":2,"minecraft:arrow":10,"minecraft:rotten_flesh":11,"minecraft:diamond_boots":1,"minecraft:hay_block":23,"minecraft:gold_ingot":2,"minecraft:glow_berries":4,"minecraft:mutton":3,"minecraft:cobblestone":153,"minecraft:white_wool":3,"minecraft:birch_log":14,"minecraft:cooked_beef":1,"minecraft:leather":95,"minecraft:potato":1,"minecraft:birch_planks":1,"minecraft:flint":3,"minecraft:tuff":56,"minecraft:oak_log":16,"minecraft:yellow_bed":6,"minecraft:gunpowder":2,"minecraft:cobblestone_stairs":3,"minecraft:lapis_lazuli":9,"minecraft:dirt":77,"minecraft:cooked_mutton":1,"minecraft:bone":9,"minecraft:bow":1,"minecraft:wheat_seeds":1,"minecraft:bell":2,"minecraft:stone_pickaxe":3,"minecraft:grindstone":1,"minecraft:diamond_helmet":1,"minecraft:oak_planks":27,"minecraft:iron_sword":2,"minecraft:acacia_sapling":4,"minecraft:gravel":13,"minecraft:spruce_sapling":50,"minecraft:ink_sac":1,"minecraft:white_bed":8,"minecraft:spruce_log":410,"minecraft:mossy_cobblestone":2,"minecraft:diamond":2,"minecraft:stone_axe":3,"minecraft:iron_helmet":4,"minecraft:granite":1,"minecraft:bread":30,"minecraft:oak_sapling":1,"minecraft:coal":5},"minecraft:killed":{"minecraft:spider":2,"minecraft:skeleton":6,"minecraft:pig":2,"minecraft:creeper":1,"minecraft:sheep":1,"minecraft:zombie":8,"minecraft:cow":1},"minecraft:custom":{"minecraft:mob_kills":21,"minecraft:interact_with_crafting_table":22,"minecraft:bell_ring":153,"minecraft:leave_game":5,"minecraft:time_since_death":64920,"minecraft:sprint_one_cm":216766,"minecraft:walk_one_cm":263143,"minecraft:drop":37,"minecraft:talked_to_villager":22,"minecraft:play_time":133594,"minecraft:deaths":8,"minecraft:sneak_time":7383,"minecraft:walk_under_water_one_cm":14883,"minecraft:jump":1881,"minecraft:walk_on_water_one_cm":6501,"minecraft:total_world_time":133594,"minecraft:interact_with_furnace":21,"minecraft:traded_with_villager":40,"minecraft:sleep_in_bed":7,"minecraft:time_since_rest":1691,"minecraft:damage_taken":3857,"minecraft:damage_dealt":4532,"minecraft:swim_one_cm":2121,"minecraft:fly_one_cm":318656,"minecraft:open_chest":14,"minecraft:crouch_one_cm":13006,"minecraft:fall_one_cm":58625},"minecraft:broken":{"minecraft:iron_axe":1,"minecraft:stone_axe":1,"minecraft:wooden_axe":1},"minecraft:mined":{"minecraft:tuff":3,"minecraft:white_bed":6,"minecraft:mossy_cobblestone":1,"minecraft:cobblestone_stairs":1,"minecraft:cave_vines_plant":2,"minecraft:granite":1,"minecraft:acacia_log":14,"minecraft:grass_block":22,"minecraft:spruce_leaves":35,"minecraft:spawner":1,"minecraft:large_fern":1,"minecraft:hay_block":19,"minecraft:spruce_sapling":3,"minecraft:furnace":2,"minecraft:iron_ore":14,"minecraft:cobbled_deepslate":1,"minecraft:bell":2,"minecraft:cave_vines":2,"minecraft:dirt_path":24,"minecraft:oak_stairs":1,"minecraft:stone":86,"minecraft:acacia_leaves":10,"minecraft:crafting_table":6,"minecraft:torch":6,"minecraft:tall_grass":2,"minecraft:cobblestone":10,"minecraft:lapis_ore":1,"minecraft:grindstone":1,"minecraft:oak_planks":5,"minecraft:sugar_cane":3,"minecraft:wall_torch":15,"minecraft:birch_log":14,"minecraft:spruce_log":403,"minecraft:yellow_bed":6,"minecraft:grass":29,"minecraft:oak_log":19,"minecraft:coal_ore":2,"minecraft:gravel":16,"minecraft:dirt":13,"minecraft:deepslate":127},"minecraft:dropped":{"minecraft:bread":12,"minecraft:iron_sword":1,"minecraft:iron_helmet":2,"minecraft:cobblestone":1,"minecraft:glow_berries":2,"minecraft:leather":2,"minecraft:emerald":10,"minecraft:cobblestone_stairs":1,"minecraft:wooden_axe":1,"minecraft:oak_stairs":1,"minecraft:string":2,"minecraft:white_wool":1,"minecraft:gold_ingot":1,"minecraft:oak_door":1,"minecraft:stone_axe":1,"minecraft:wheat":2,"minecraft:grindstone":1,"minecraft:iron_boots":1,"minecraft:flint_and_steel":1,"minecraft:acacia_sapling":4,"minecraft:arrow":4},"minecraft:crafted":{"minecraft:wooden_sword":1,"minecraft:oak_planks":64,"minecraft:stone_shovel":1,"minecraft:furnace":2,"minecraft:bone_meal":21,"minecraft:iron_axe":1,"minecraft:stone_pickaxe":3,"minecraft:wheat":207,"minecraft:cooked_beef":1,"minecraft:diamond_sword":1,"minecraft:emerald":40,"minecraft:crafting_table":6,"minecraft:spruce_planks":876,"minecraft:wooden_pickaxe":2,"minecraft:birch_planks":56,"minecraft:stone_axe":1,"minecraft:bread":48,"minecraft:air":0,"minecraft:stick":1496,"minecraft:iron_ingot":14,"minecraft:wooden_axe":2,"minecraft:stone_sword":1,"minecraft:acacia_planks":56,"minecraft:torch":4},"minecraft:killed_by":{"minecraft:player":1,"minecraft:creeper":1,"minecraft:skeleton":1}},"DataVersion":2975}