{
  "minecraft:recipes/decorations/torch": {
    "criteria": {
      "has_stone_pickaxe": "2024-10-13 15:45:18 +0000"
    },
    "done": true
  },
  "minecraft:adventure/root": {
    "criteria": {
      "killed_by_something": "2024-10-13 15:43:40 +0000"
    },
    "done": true
  },
  "minecraft:story/upgrade_tools": {
    "criteria": {
      "stone_pickaxe": "2024-10-13 15:45:18 +0000"
    },
    "done": true
  },
  "minecraft:adventure/adventuring_time": {
    "criteria": {
      "minecraft:taiga": "2024-10-13 15:42:52 +0000",
      "minecraft:sunflower_plains": "2024-10-13 15:43:22 +0000",
      "minecraft:savanna": "2024-10-13 15:45:26 +0000",
      "minecraft:plains": "2024-10-13 15:43:19 +0000"
    },
    "done": false
  },
  "DataVersion": 2975
}